proprietaire_nom,proprietaire_adresse
9416-2096 QUEBEC INC. ,"103-9930 BOULEVARD BOURQUE, SHERBROOKE (QC), J1N0G2, A/S PIERRE-LUC MORIN"
MEM IMMOBILIER INC. ,"438 RUE ROLLAND-DION, MAGOG (QC), J1X7T5, A/S MARC VAUCHER"
RNP INVESTISSEMENTS INC. ,"1505 RUE PINARD, SHERBROOKE (QC), J1J3C9, A/S SAMUEL ROUSSEAU"
9462-3048 QUEBEC INC. ,"11609 AV DES VIOLETTES, MONTREAL-NORD (QC), H1G 4N1, A/S ANTHONY CARTAGENA"
LES PLACEMENTS CHARLAND INC. ,"206-4 RUE DE LA SARCELLE, ORFORD (QC), J1X 6Z8, A/S LOUIS CHARLAND"
COOPERATIVE D'HABITATION MELBOURNE ,"607 RUE PROSPECT, SHERBROOKE (QC), J1H1B1, A/S LARRY DUCLOS"
DELUXE IMMOBILIER INC. ,"300-2950 RUE LUCIEN-L'ALLIER, LAVAL (QC), H7P 0H8"
IMMEUBLES KESAR INC. ,"CP 21522 CSP ST-FAMILLE, SHERBROOKE (QC), J1G 5K2, A/S CHEMIKA MAMODEHOUSSEN"
9342-6971 QUEBEC INC. ,"1715 RUE DUNANT, SHERBROOKE (QC), J1H4A3, A/S ANDRE MOREAU"
SOCIETE IMMOBILIERE LBT45 INC. ,"310 RUE L.-P.-BRODEUR, TROIS-RIVIERES (QC), G8W 0M4"
GESTION J.I.C.A. INC. ,"1535-800 BOUL RENE-LEVESQUE O, MONTREAL (QC), H3B 1X9"
QUINCAILLERIE R. ST-PIERRE INC. ,"304 RUE DE L'ACADEMIE, VICTORIAVILLE (QC), G6R 0V1, A/S SYLVAIN DION"
839-1254 CAPUCINES INC. ,"875 AVENUE DE DIEPPE, SAINT-HYACINTHE (QC), J2S 7A1"
SOCIETE IMMOBILIERE MAYA INC. ,"4895 BOULEVARD INDUSTRIEL, SHERBROOKE (QC), J1R0P4, A/S CHRISTIAN BELLEAU"
9405-1299 QUEBEC INC. ,"990 RUE BOWEN S, SHERBROOKE (QC), J1G2G4, A/S JEAN-PIERRE GOUIN"
9392-5683 QUEBEC INC. ,"5041 AVE DU CHATEAU-PIERREFONDS, PIERREFONDS (QC), H9K 1E7, A/S ALEXIS CASTONGUAY"
COLLEGE REGIONAL CHAMPLAIN ,"1301 BOULEVARD DE PORTLAND, SHERBROOKE (QC), J1J1S2, A/S YVES RAINVILLE"
FIDUCIE LAUREAT RICHARD ,"103-3005 RUE RICHARD, SHERBROOKE (QC), J1L2A3"
9348-5522 QUEBEC INC. ,"201-41 RUE BLAINVILLE O, SAINTE-THERESE (QC), J7E 1X4, A/S MICHELE GIUSTINIANI"
GESTION CAPITAL BERGERON GAGNE INC. ,"5323 RUE DE BREBEUF, MONTREAL (QC), H2J 3L8"
IMMEUBLES B.C.G. SENC ,"1805 RUE D' ANJOU, SHERBROOKE (QC), J1J1A7, A/S ALEXANDRE GROLEAU"
QUANTUM IMMOBILIER INC. ,"104-4710 BOULEVARD BOURQUE, SHERBROOKE (QC), J1N2A8"
GESTION R. LABONTE INC. ,"55 RUE KING O, SHERBROOKE (QC), J1H1P1"
SOCIETE EN COMM. LOKIA SELECTION SHERBR. ,"481 RUE SACRE-COEUR O, ALMA (QC), G8B 1M4"
IMMOBILIER GOBEIL & FILS INC. ,"1435 RUE KING E, SHERBROOKE (QC), J1G1E8"
LE PARALLELE DE L'HABITATION SOCIALE INC. ,"471 RUE GALT O, SHERBROOKE (QC), J1H1Y8"
GESTION IMMO ROYALE INC. ,"3637 RUE ONTARIO E, MONTREAL (QC), H1W 1R8"
IMMEUBLES MUSTURBAIN INC. ,"351 RUE DE L' ONTARIO, SHERBROOKE (QC), J1J3R3"
GESTION 833 ST-LOUIS INC. ,"13-185 RUE JACQUES-CARTIER N, SAINT-JEAN-SUR-RICHELIEU (QC), J3B 1T6"
9461-3783 QUEBEC INC. ,"A-1760 RUE PROSPECT, SHERBROOKE (QC), J1J3Y9"
GESTION IMMOBILIERE INVERSO INC. ,"5676 CHEMIN DE SAINTE-CATHERINE, SHERBROOKE (QC), J1N0E7"
BEDARD CLOUTIER IMMOBILIER INC. ,"1040 CH DU LAC, SAINTE-CATHERINE-DE-HATLEY (QC), J0B 1W0"
FABI INVESTISSEMENT INC. ,"222 RUE FABI, SHERBROOKE (QC), J1E2B5"
GRIFFE HABITATION INC. ,"54 CH PHANEUF, ORFORD (QC), J1X 6M5, A/S FRANCIS PAQUETTE"
LS INVESTISSEMENTS INC. ,"6 CH DU VIEUX-MOULIN, NOTRE-DAME-DE-L'ÎLE-PERROT (QC), J7W 3L9"
GESTION GEREMIE MORIN INC. ,"7067 RUE DE LA ROCHE, MONTREAL (QC), H2S 2E6"
BEAUCHENE DIVISION IMMOBILIERE INC. ,"410-455 RUE KING O, SHERBROOKE (QC), J1H6E9"
MON SHACK MES CHOIX MON AVENIR! ,"3195 RUE COLLEGE, SHERBROOKE (QC), J1M0E7"
9421-9706 QUEBEC INC. ,"1662 BOULEVARD DU MI-VALLON, SHERBROOKE (QC), J1N4G8, A/S NATHANIELE MARCHAND"
9391-0099 QUEBEC INC. ,"3637 RUE ONTARIO E, MONTREAL (QC), H1W 1R8, A/S PAUL CHATIGNY"
9336-1798 QUEBEC INC. ,"3430 RUE DU RENARD, SHERBROOKE (QC), J1H0C7"
9446-3221 QUEBEC INC. ,"6415 10E AV, MONTREAL (QC), H1Y 2H7, A/S MICHAEL MICMACHER"
SMA INC. ,"1236 RUE GALT E, SHERBROOKE (QC), J1G1Y5, A/S GHISLAIN HOULE"
9392-4264 QUEBEC INC. ,"4701 BOULEVARD BOURQUE, SHERBROOKE (QC), J1N2G6, A/S ANDRE DUCLOS"
GESTION DE PLACEMENT GAGNE INC. ,"215 RUE DE L' ASSOMPTION, SHERBROOKE (QC), J1E2L5, A/S OLIVIER GAGNE"
BOSA SOC IMMOBILIERE INC. ,"282A CH DE LA RIVIERE, ST-FRANCOIS-XAVIER-DE-BROMPTON (QC), J0B 2V0"
LES IMMEUBLES TL INC. ,"54  CHEMIN DU BOISE, LAC-BEAUPORT (QC), G3B 2A7"
9153-2614 QUEBEC INC. ,"1338 RUE KING O, SHERBROOKE (QC), J1J2B6, A/S FRANCIS DUTIL"
GROUPE GF IMMOBILIER INC. ,"590 LAKESHORE RD, BEACONSFIELD (QC), H9W 4K4"
9468-8173 QUEBEC INC. ,"104-701 CHEMIN LOUIS-CAYER, SHERBROOKE (QC), J1R0H7"
9230-4971 QUEBEC INC. ,"8715 CH DU LAC, HATLEY (QC), J0B 4B0, A/S ROBIN FORTIER"
9188-7380 QUEBEC INC. ,"1745 RUE SHERBROOKE BUR 208, MAGOG (QC), J1X 2T5, A/S JEAN-GUY VEILLEUX"
DEVIMCOM PLATEAU BELVEDERE INC. ,"1567 RUE KING O, SHERBROOKE (QC), J1J2C6"
AU PIED DES TOURS INC. ,"678 BOULEVARD LAVIGERIE, SHERBROOKE (QC), J1G2X2"
9182-3740 QUEBEC INC. ,"9275 RUE DU PRADO, SAINT-LEONARD (QC), H1P 3E3, A/S THIERRY JOUBERT-BERTHOLD"
10075744 CANADA INC. ,"576 CH LABONTE, COOKSHIRE-EATON (QC), J0B 1M0, A/S HUGO CLEARY"
10075736 CANADA INC. ,"576 CH LABONTE, COOKSHIRE-EATON (QC), J0B 1M0"
GESTION DAVID DUNCAN LTEE ,"20 RUE CONNOLLY, SHERBROOKE (QC), J1M1L9, A/S STEPHEN MCLEAN"
IMMOBILIERE SHQ ,"1054 L-A-TASCHEREAU 4E ET ST-AMABLE, ED MARIE-GUYART QUEBEC (QC), G1R 5E7"
9465-8226 QUEBEC INC. ,"1733 RUE RACHEL-LUSSIER, SHERBROOKE (QC), J1N1E2, A/S JEAN-FRANCOIS FONTAINE"
9204-5822 QUEBEC INC. ,"1650 BOUL LEMIRE, DRUMMONDVILLE (QC), J2C 5A4, A/S ERIC FRECHETTE"
9464-8268 QUEBEC INC. ,"223 RUE MURRAY, SHERBROOKE (QC), J1G2K2, A/S SANAA FAKIRI"
PLACEMENT IMMOBILIER M.R.S. ,"1835 BOULEVARD QUEEN-VICTORIA, SHERBROOKE (QC), J1J4N8"
9342-4224 QUEBEC INC. ,"302-895 CHEMIN DUPLESSIS, SHERBROOKE (QC), J1E4J7, A/S RENE BEGIN"
9483-0486 QUEBEC INC. ,"7067 RUE DE LA ROCHE, MONTREAL (QC), H2S 2E6"
9245-2580 QUEBEC INC ,"1840 RUE DE VALENCAY, SHERBROOKE (QC), J1G5E7, A/S KARINE NADEAU"
9255-3320 QUEBEC INC. ,"4333 DESSTE DES LAURENTIDES (A-15) E, LAVAL (QC), H7L 5W5"
3104-2773 QUEBEC INC. ,"370 10E AVENUE S, SHERBROOKE (QC), J1G2R7, A/S MARIO OUELLETTE"
EDIFICE RAINVILLE INC. ,"6-221 RUE DUFFERIN, SHERBROOKE (QC), J1H4M3, A/S ROSAIRE RAINVILLE"
HABITATIONS L'EQUERRE INC. ,"14 RUE JEAN-MAURICE, SHERBROOKE (QC), J1G1V5"
GESTION IMMOBILIERE BJP INC. ,"44 RUE WILLIAM-IVES, SHERBROOKE (QC), J1E2C2"
LES IMMEUBLES APOJE INC. ,"1515 RUE SYLVA-DUPLESSIS, SHERBROOKE (QC), J1E0L5"
IMMEUBLES JDZ INC. ,"4257 AV WILSON, MONTREAL (QC), H4A 2V1"
9267-9950 QUEBEC INC. ,"300-2950 RUE LUCIEN-L'ALLIER, LAVAL (QC), H7P 0H8"
9222-2330 QUEBEC INC. ,"2405 CH LEMIRE LOT 195, SHERBROOKE (QC), J1H 0C5"
IMMO MACHINE INC. ,"21 RUE SAINT-JUDE S, GRANBY (QC), J2J 2M9"
9253-1946 QUEBEC INC. ,"1544 CH FAVREAU, COATICOOK (QC), J1A 2S4, A/S ALAIN GAGNE"
GESTION DURANLEAU LTEE ,"56 CH MAHEU, COOKSHIRE-EATON (QC), J0B 2A0"
9484-4198 QUEBEC INC. ,"805 RUE FORTIER S, SHERBROOKE (QC), J1N2C5"
FIDUCIE GESTAGNON 2015 ,"35 BOULEVARD QUEEN-VICTORIA, SHERBROOKE (QC), J1H3P4"
9425-4406 QUEBEC INC. ,"103-9930 BOULEVARD BOURQUE, SHERBROOKE (QC), J1N0G2, A/S JEREMY LACROIX"
9352-9188 QUEBEC INC. ,"7235 CHEMIN DE SAINT-ELIE, SHERBROOKE (QC), J1R0K5, A/S LINDA DOMON"
GESTION PATRICE PHANEUF INC. ,"22 RUE LAURIER, MAGOG (QC), J1X 2K3, A/S PATRICE PHANEUF"
LOUAGE GUYVON INC. ,"2550 RUE KING O, SHERBROOKE (QC), J1J2H1, A/S CLAUDE MARTINEAU"
9346-9930 QUEBEC INC. ,"103-9930 BOULEVARD BOURQUE, SHERBROOKE (QC), J1N0G2"
9258-9795 QUEBEC INC. ,"2830 RUE MERICI, SHERBROOKE (QC), J1L2R1"
GESTION MELISSA COTE INC. ,"112 CH MORIN, ORFORD (QC), J1X 6N6"
9213-8213 QUEBEC INC. ,"900-2336 CHEMIN DE SAINTE-CATHERINE, SHERBROOKE (QC), J1N2X3, IMMO UNIVERSEL"
IMMEUBLES DES DESROSIERS SENC ,"886 CH LEON-GERIN RR 8, SAINTE-EDWIDGE (QC), J0B 2R0, A/S YVON DESROSIERS"
GESTION IMMOBILIERE DOMEL ,"120 CH INGALLS, SAINTE-CATHERINE-DE-HATLEY (QC), J0B 1W0, A/S MELANIE DESROSIERS"
HABITATIONS DMROY INC. ,"82 RUE ELIZABETH, SOREL-TRACY (QC), J3P 4G5"
HABITATIONS PEGI INC. ,"376 RUE FOURNIER, GRANBY (QC), J2J 0V2"
9372-7311 QUEBEC INC. ,"4895 BOULEVARD INDUSTRIEL, SHERBROOKE (QC), J1R0P4, A/S CHRISTIAN BELLEAU"
LES IMMEUBLES JLOD INC. ,"108-1615 RUE EVANGELINE, SHERBROOKE (QC), J1H6C8, A/S OLIVIER DROUIN-GAGNÉ"
HABITATIONS ESSOR INC. ,"7160 BOULEVARD BOURQUE, SHERBROOKE (QC), J1N3L9"
9377-5807 QUEBEC INC. ,"CP 6306 SUCCURSALE ROCK FOREST, SHERBROOKE (QC), J1M 3C9"
9418-8554 QUEBEC INC. ,"655 CHEMIN GODIN, SHERBROOKE (QC), J1R0S6"
IMMOBILIER DOMICILIUM INC. ,"104-4710 BOULEVARD BOURQUE, SHERBROOKE (QC), J1N2A8"
9380-1017 QUEBEC INC. ,"765 RUE DU CONSEIL, SHERBROOKE (QC), J1G1L1"
BALCA IMMOBLIER INC. ,"3354 CH SAINT-PHILIPPE, MASCOUCHE (QC), J7K 3C3, A/S ALEXANDRE BOISVERT"
BGM CAPITAL INC. ,"104-4710 BOULEVARD BOURQUE, SHERBROOKE (QC), J1N2A8"
LES IMMEUBLES G. DION INC. ,"800 RUE PRINCIPALE, GRANBY (QC), J2G 2Y8"
9158-6313 QUEBEC INC. ,"71 RUE DU BELVEDERE, BOIS-DES-FILION (QC), J6Z 0A1, A/S ROSEMARIE DROLET"
9226-3839 QUEBEC INC. ,"353 RUE DES AULNES, SHERBROOKE (QC), J1G4S1, A/S STEPHANE TREMBLAY"
LES IMMEUBLES JPM LAPOINTE SENC. ,"21 RUE DU VAL-DES-ARBRES, SHERBROOKE (QC), J1R0B1, A/S JEAN-PHILIPPE LAPOINTE"
INVESTISSEMENTS LAPOINTE INC. ,"62 RUE CLEMENT, SHERBROOKE (QC), J1R0A9"
GESTION FIKA INC. ,"3420 RUE GALT O, SHERBROOKE (QC), J1H0A5"
LES IMMEUBLES GASPE INC. ,"4687 RUE DE CABANO, SHERBROOKE (QC), J1N2B9, A/S NATHALIE GOUDREAULT"
GESTION BDM ,"745 RUE LOUIS-RIEL, SHERBROOKE (QC), J1L2M8, A/S STEPHANE DUROCHER"
9369-4842 QUEBEC INC. ,"47 RUE LAURIER, MAGOG (QC), J1X 2K2"
VILLE DE SHERBROOKE ,"CP 610 SUCC PL DE LA CITE, SHERBROOKE (QC), J1H 5H9"
9445-5656 QUEBEC INC. ,"103-9930 BOULEVARD BOURQUE, SHERBROOKE (QC), J1N0G2"
9473-3748 QUEBEC INC. ,"103-9930 BOULEVARD BOURQUE, SHERBROOKE (QC), J1N0G2"
9468-3554 QUEBEC INC. ,"103-9930 BOULEVARD BOURQUE, SHERBROOKE (QC), J1N0G2"
LAPOINTE IMMOBILIER INC. ,"181 RUE LAMPRON, MAGOG (QC), J1X 5R7"
9444-1219 QUEBEC INC. ,"103-9930 BOULEVARD BOURQUE, SHERBROOKE (QC), J1N0G2"
9416-5222 QUEBEC INC. ,"103-9930 BOULEVARD BOURQUE, SHERBROOKE (QC), J1N0G2"
GESTION BBLL INC. ,"924 RUE LEONARDO-DA VINCI, SHERBROOKE (QC), J1R0S9"
IMMEUBLES PKMG INC. ,"CP 404 SUCC MAGOG, MAGOG (QC), J1X 3X7"
IMMO STYLE INC. ,"514 RUE ROUSSEAU, COATICOOK (QC), J1A 3J2"
GANMAT INC. ,"372 RUE GERARD-GOULET, GRANBY (QC), J2H 1H3"
LES ENTREPRISES LACHANCE INC. ,"663 RUE DE CHARLEMAGNE, SHERBROOKE (QC), J1N0S9, A/S PATRICK  LACHANCE"
134 GRENOBLE INC. ,"C.P.  26 SUCC. BUREAU-CHEF, GRANBY (QC), J2G 8E2"
5578 RENE-LEVESQUE INC. ,"CP 26 SUCC GRANBY, GRANBY (QC), J2G 8E2"
9128-5700 QUEBEC INC. ,"135 RUE HOCQUART, SHERBROOKE (QC), J1G3B7, A/S YANICK GADBOIS"
TERRA-NOVA SOCIETE IMMOBILIERE INC. ,"2121 RUE MEGANTIC, SHERBROOKE (QC), J1L0A4"
GESTION IMMOBILIERE FXD INC. ,"198 RUE DES CORMORANS, SHERBROOKE (QC), J1R0S4"
9335-9347 QUEBEC INC. ,"10 BOUL SAINT-ELZEAR E, LAVAL (QC), H7M 1C2"
9465-8267 QUEBEC INC. ,"112 RUE SAINT-CHARLES-BORROMEE S, JOLIETTE (QC), J6E 4S9, A/S DAVID ROY"
9364-1694 QUEBEC INC. ,"8201 BOULEVARD BOURQUE, SHERBROOKE (QC), J1N0G2"
9489-1918 QUEBEC INC. ,"4718 RUE GEORGE-V, SHERBROOKE (QC), J1N3Y4"
9489-1900 QUEBEC INC. ,"4718 RUE GEORGE-V, SHERBROOKE (QC), J1N3Y4"
CHARTWELL MASTER CARE LP ,"7070 DERRYCREST DR, MISSISSAUGA (ON), L5W 0G5"
9523-4167 QUEBEC INC. ,"181  RUE LAMPRON, MAGOG (QC), J1X 5R7, A/S MATHIEU LAPOINTE"
3091-5524 QUEBEC INC. ,"30 RUE POPE, COOKSHIRE-EATON (QC), J0B 1M0, A/S RICHARD BEAUDRY"
9092-4432 QUEBEC INC. ,"204-1745 RUE SHERBROOKE, MAGOG (QC), J1X 2T5, A/S JEAN-GUY VEILLEUX"
9072-6522 QUEBEC INC. ,"12 RUE DE LA POMMERAIE RR 141, STOKE (QC), J0B 3G0, A/S GESNER BLENKHORN"
9500-2929 QUEBEC INC. ,"4427 RUE DU MONT-BLANC, ASCOT CORNER (QC), J0B 1A0"
GESTION BEDS INC. ,"7115 RUE SALABERRY, LAC-MEGANTIC (QC), G6B 1K4"
9126-9951 QUEBEC INC. ,"2525 CHEMIN LALIBERTE, SHERBROOKE (QC), J1R0C5, A/S SYLVIE TREMBLAY"
9168-0652 QUEBEC INC. ,"2550 RUE KING O, SHERBROOKE (QC), J1J2H1, A/S PASCAL MARTINEAU"
LE 4801 DES PARTISANS INC. ,"101-1320 RUE GAY-LUSSAC, BOUCHERVILLE (QC), J4B 7G4"
GESTION 1397 MAGELLAN INC. ,"678 BOULEVARD LAVIGERIE, SHERBROOKE (QC), J1G2X2"
LES IMMEUBLES JPM LAPOINTE SENC ,"21 RUE DU VAL-DES-ARBRES, SHERBROOKE (QC), J1R0B1"
9432-8242 QUEBEC INC. ,"3536 RUE KING E, SHERBROOKE (QC), J1G5J3, A/S JESSY MELANCON"
CDI HABITATION INC. ,"809 RUE DE L' ONTARIO, SHERBROOKE (QC), J1J3R9"
FIDUCIE TESTAMENTAIRE CHANTAL GAGNON ,"300 CH GALIPEAU, ASCOT CORNER (QC), J0B 1A0, A/S CHANTAL GAGNON"
IMMOBILIER BRIMKO INC. ,"494 RUE LEGER, SHERBROOKE (QC), J1L1Y5"
9209-6650 QUEBEC INC. ,"6952 BOULEVARD BOURQUE, SHERBROOKE (QC), J1N1H2, A/S JIMMY PREFONTAINE"
9205-6050 QUEBEC INC. ,"3510 RUE LA VERENDRYE, SHERBROOKE (QC), J1L1Z6, A/S JACQUES VALLEE"
9508-9819 QUEBEC INC. ,"530 RUE JEAN-PAUL-PERRAULT, SHERBROOKE (QC), J1L3A6"
LES IMMEUBLES ASCENSIO INC. ,"104-268 CHEMIN GODIN, SHERBROOKE (QC), J1R0S6, A/S FRANCIS LAFLEUR"
GESTION IMMOBILIERE R.P.L.H. 2014 INC. ,"8510 BOULEVARD BOURQUE, SHERBROOKE (QC), J1N0G2, A/S ROBERT POTHIER"
9281-0969 QUEBEC INC. ,"757  RUE DES CHARDONNERETS, MONT-SAINT-HILAIRE (QC), J3H 0E3"
9399-5694 QUEBEC INC. ,"535 RUE PEPIN, SHERBROOKE (QC), J1L1X3, A/S DAVID TANGUAY"
GESTION EXPEL INC. ,"663 RUE DE CHARLEMAGNE, SHERBROOKE (QC), J1N0S9, A/S PATRICK LACHANCE"
9174-0860 QUEBEC INC. ,"4870 BOULEVARD BOURQUE, SHERBROOKE (QC), J1N3S5, A/S CHRISTIAN BOURQUE"
GESTION C.A.V.A. INC. ,"1133 BOULEVARD QUEEN-VICTORIA, SHERBROOKE (QC), J1J4N5, A/S VINCENT MATTHON"
VISION HABITATION PLUS INC. ,"5951 RUE RODRIGUE, SHERBROOKE (QC), J1N3B2"
9377-0360 QUEBEC INC. ,"1-1785 RUE WHITE, SHERBROOKE (QC), J1J1Z6, A/S FREDERICO DELLI COLLI"
LES IMMEUBLES OSWALD JOSEPH INC. ,"151 RUE WILSON, SHERBROOKE (QC), J1L1H5"
9304-5300 QUEBEC INC. ,"2653 RUE DES CHENES, SHERBROOKE (QC), J1L1T4, A/S DANIEL LAMBERT"
ESPACE LACHANCE INC. ,"1750 CH DU LAC, SAINTE-CATHERINE-DE-HATLEY (QC), J0B 1W0"
GERARD DESSERT LTEE ,"5765 AV DEOM, MONTREAL (QC), H3S 2N5"
LES IMMEUBLES MBAZILE INC. ,"3-6770 AV DE DARLINGTON, MONTREAL (QC), H3S 2J8"
DESCARTES IMMOBILIER INC. ,"5 RUE JOLIETTE, BLAINVILLE (QC), J7B 1L9"
BEAUCHENE FI1 INC. ,"410-455 RUE KING O, SHERBROOKE (QC), J1H6E9"
9107-4567 QUEBEC INC. ,"485 RUE MCGILL BUR 300, MONTREAL (QC), H2Y 2H4, A/S VILLA DE L'ESTRIE"
9419-5054 QUEBEC INC. ,"2605 RUE ARGENSON, SHERBROOKE (QC), J1J1P5, A/S SARAH HASHMI"
9253-0138 QUEBEC INC. ,"235 RUE DU BORD-DE-L'EAU, SAINTE-CATHERINE-DE-HATLEY (QC), J0B 1W0, A/S RENE DUFRESNE"
9344-8348 QUEBEC INC. ,"725 RUE DU GRIFFON, SHERBROOKE (QC), J1R0B2, A/S MIRNA ELMIR"
LOCATION JLR SENC ,"670 RUE MCCREA, SHERBROOKE (QC), J1L2M2"
9225-9985 QUEBEC INC. ,"2650 RUE HONORE-DE BALZAC, SHERBROOKE (QC), J1L0B2"
9253-6663 QUEBEC INC. ,"755 RUE PAUL-DESRUISSEAUX, SHERBROOKE (QC), J1J4L9"
IMMO VILLEA INC. ,"668 BOULEVARD LAVIGERIE, SHERBROOKE (QC), J1G2X2"
9271-6067 QUEBEC INC. ,"2897 RUE CHARLES-BAUDELAIRE, SHERBROOKE (QC), J1L0B8"
GROUPE IMMOBILIER SIMARD INC. ,"1626 CHEMIN LALIBERTE, SHERBROOKE (QC), J1R0C5"
GESTION ASTO INC. ,"3446 RUE LA VERENDRYE, SHERBROOKE (QC), J1L1Z6, A/S ANDRÉ ST-ONGE"
OFF. MUN. HABITATION DE SHERB ,"471 RUE GALT O, SHERBROOKE (QC), J1H1Y8"
GROUPE FRANCOIS POIRIER INC ,"124 RUE WELLINGTON N, SHERBROOKE (QC), J1H5X8, A/S FRANCOIS POIRIER"
9221-9393 QUEBEC INC. ,"1338 RUE KING O, SHERBROOKE (QC), J1J2B6, A/S MICHEL DUTIL"
COOPERATIVE D'HABITATION LA RIVE GAUCHE ,"13-2525 RUE GALT O, SHERBROOKE (QC), J1K1L7"
CDI LOGEMENTS INC. ,"809 RUE DE L' ONTARIO, SHERBROOKE (QC), J1J3R9"
9232-5091 QUEBEC INC. ,"120 RUE DES SOUS-BOIS, RICHMOND (QC), J0B 2H0"
SOC.COMM.EXCELLENCE FAUBOURGS ,"102-2875 RUE DU MANOIR, SHERBROOKE (QC), J1L2B7"
LAUREAT RICHARD INC. ,"103-3005 RUE RICHARD, SHERBROOKE (QC), J1L2A3"
2995891 CANADA INC. ,"181 RUE LAMPRON, MAGOG (QC), J1X 5R7, A/S FRANCE POULIOT GRAVEL"
TETRA IMMOBILIER INC. ,"556 RUE DU PARC-INDUSTRIEL, SHERBROOKE (QC), J1C0J2"
IMMOS DAN-BES INC. ,"3856 RUE IMELDA-LEFEBVRE, SHERBROOKE (QC), J1N1B2"
LES IMMEUBLES MESY ,"205 RUE SANGSTER, SHERBROOKE (QC), J1N0H5"
9072-6720 QUEBEC INC. ,"250-45 RUE DU CENTRE, MAGOG (QC), J1X 5B6, A/S PIERRE BOLDUC"
9498-4507 QUEBEC INC. ,"112 RUE SAINT-CHARLES-BORROMÉE S, JOLIETTE (QC), J6E 4S9"
PROJETEC IMMOBILIER SENC ,"481 RUE DE LIEGE, SHERBROOKE (QC), J1J2N1"
IMMEUBLE HOMANS INC. ,"470 RUE DE MONTREAL, SHERBROOKE (QC), J1H1E5"
9123-8584 QUEBEC INC. ,"200-7250 BOUL TASCHEREAU, BROSSARD (QC), J4W 1M9, A/S JOHN SIMPSON"
CONDOS MEZY INC. ,"4208 RUE SHERBROOKE, MAGOG (QC), J1X 5R2"
9255-9483 QUEBEC INC. ,"155 2E RANG, STOKE (QC), J0B 3G0, A/S FRANCOIS PEPIN"
IMMEUBLES NGMB INC. ,"4687 RUE DE CABANO, SHERBROOKE (QC), J1N2B9"
9379-9427 QUEBEC INC. ,"49 RUE DE L'ANDALOU, BLAINVILLE (QC), J7C 0N6"
LES HABITATIONS SCHEIB INC. ,"101-745 RUE MCGREGOR, SHERBROOKE (QC), J1L1P4"
9414-0779 QUEBEC INC. ,"3965 CH ORR, COOKSHIRE-EATON (QC), J0B 1M0, A/S DAVID CLEMENT"
9200-3409 QUEBEC INC. ,"990 RUE BOWEN S, SHERBROOKE (QC), J1G2G4, A/S JEAN-PIERRE GOUIN"
BAVARIA DEVELOPPEMENTS INC. ,"PH206-150 CH DE LA POINTE-SUD, VERDUN (QC), H3E 0A7"
9164-7735 QUEBEC INC. ,"6188 RUE DES BOISES-DU-LAC, SHERBROOKE (QC), J1N3T3"
9490-6674 QUEBEC INC. ,"9855 RUE COLBERT, ANJOU (QC), H1J 1Z9"
GESTION POINT FINAL INC. ,"20  RUE MEUNIER, EASTMAN (QC), J0E 1P0"
9228-6749 QUEBEC INC. ,"1338 RUE KING O, SHERBROOKE (QC), J1J2B6"
MESOAN IMMOBILIER INC. ,"112 CH MORIN, ORFORD (QC), J1X 6N6"
9435-6029 QUEBEC INC. ,"1505 RUE PINARD, SHERBROOKE (QC), J1J3C9, A/S SAMUEL ROUSSEAU"
9221-1580 QUEBEC INC. ,"310 RUE MURRAY, SAINTE-CATHERINE-DE-HATLEY (QC), J0B 1W0, A/S STEPHANE D'ANJOU"
MATOM IMMOBILIER INC. ,"3786 RUE EMILE-CHARTIER, SHERBROOKE (QC), J1L0H7"
PROJET A PLATEAU MCCREA S.E.C. ,"104-4710 BOULEVARD BOURQUE, SHERBROOKE (QC), J1N2A8, A/S GUILLAUME FONTAINE"
CONDO LE VIVO SHERBROOKE INC. ,"104-4710 BOULEVARD BOURQUE, SHERBROOKE (QC), J1N2A8"
IMMO24 INC. ,"3029 RUE COLLEGE, SHERBROOKE (QC), J1M1V2"
COOP. DU VIEUX MOULIN DE BROMPTON ,"101-216 RUE LAVAL, SHERBROOKE (QC), J1C0R1, A/S DENIS HAMEL"
9537-5093 QUEBEC INC. ,"170 CH GIRARD, DANVILLE (QC), J0A 1A0, A/S YANNICK GRANDMONT"
9373-4911 QUEBEC INC. ,"990 AVENUE DU PARC, SHERBROOKE (QC), J1N3P1, A/S MICHEL GUILLEMETTE"
9355-1364 QUEBEC INC. ,"3052 RUE BOYER, SHERBROOKE (QC), J1N2Y2"
IMMEUBLES FORTISSIMMO INC. ,"128 CH TALBOT, STOKE (QC), J0B 3G0, A/S JEAN-FRANCOIS LAPOINTE"
9377-3612 QUEBEC INC. ,"241 CHEMIN DE NOTRE-DAME-DES-MERES, SHERBROOKE (QC), J1C0A8"
9202-4967 QUEBEC INC. ,"4239 RUE DU VERGER, ASCOT CORNER (QC), A/S MICHEL GUILLEMETTE"
9265-0175 QUEBEC INC. ,"990 RUE BOWEN S, SHERBROOKE (QC), J1G2G4, A/S JEAN-PIERRE GOUIN"
CAPITAL MITB INC. ,"135-925 BOUL DE MAISONNEUVE O, MONTREAL (QC), H3A 0A5"
BMP CONSORTIUM INC. ,"135-926 BOUL DE MAISONNEUVE O, MONTREAL (QC), H3A 0A5"
AW CAPITAL INC. ,"911-9000 BOUL LEDUC, BROSSARD (QC), J4Y 0E6"
9175-8649 QUEBEC INC. ,"1835 BOULEVARD QUEEN-VICTORIA, SHERBROOKE (QC), J1J4N8, A/S ROBERT JACQUES"
KCINA 1 INC. ,"5-2625 RUE MAISONNEUVE, SHERBROOKE (QC), J1J2B2"
9524-1964 QUEBEC INC. ,"41 RUE KING O, SHERBROOKE (QC), J1H1P1"
IMMEUBLES LJ SOLUTIONS INC. ,"370 10E AVENUE S, SHERBROOKE (QC), J1G2R7"
9361-9450 QUEBEC INC. (QUARTIER CONC.) ,"1934 RUE PIERRE-LOUIS-LE TOURNEUX, BELOEIL (QC), J3G 6S8"
IMMOCARRE INC. ,"340 RUE ISLAND, SHERBROOKE (QC), J1H3V9, A/S REMY BOUCHER"
DU BROOK INC. ,"3-84 RUE MORRIS, SHERBROOKE (QC), J1J2L9, A/S MARIA SZEKELY"
9503-7446 QUEBEC INC. ,"420-1980 RUE SHERBROOKE O, MONTREAL (QC), H3H 1E8"
9318-5510 QUEBEC INC. ,"366 RUE KENNEDY N, SHERBROOKE (QC), J1E2E7"
9479-2991 QUEBEC INC. ,"619 BOUL D'YOUVILLE, CHATEAUGUAY (QC), J6J 5W6"
9440-1569 QUEBEC INC ,"6470 BOULEVARD BOURQUE, SHERBROOKE (QC), J1N1H3"
IMMEUBLES MARYMOUNT INC. ,"204-1970 RUE DU MONTAGNAIS, SHERBROOKE (QC), J1K2X9"
9515-2815 QUEBEC INC. ,"85 CH TALBOT, STOKE (QC), J0B3G0, A/S STEPHEN COTE"
COOP. D'HABITAT. DES CANTONS DE L'EST ,"548 RUE DUFFERIN, SHERBROOKE (QC), J1H4N1"
SOCIETE FULLOCINQ S.E.N.C. ,"1-2525 RUE DE LA LAURENTIE, SHERBROOKE (QC), J1J1L3"
9529-0888 QUEBEC INC. ,"1657 RUE MAGRITTE, SHERBROOKE (QC), J1N0A4, A/S MAXIM SIMARD"
FIDUCIE LUCE LORTIE ,"2653 RUE DES CHENES, SHERBROOKE (QC), J1L1T4"
9432-5156 QUEBEC INC. ,"152 CH DES IRIS, COOKSHIRE-EATON (QC), J0B 2A0, A/S MARIO ST-LAURENT"
SOCIETE GROUPE VILLEMAIRE ,"903-2103 RUE PROSPECT, SHERBROOKE (QC), J1J4P6, A/S CLAUDE VILLEMAIRE"
LES IMMEUBLES CEDRUS INC. ,"3536 RUE KING E, SHERBROOKE (QC), J1G5J3"
9370-1209 QUEBEC INC. ,"990 RUE BOWEN S, SHERBROOKE (QC), J1G2G4, A/S JEAN-PIERRE GOUIN"
GESTION GIBLAGE INC. ,"327 RUE ROGER-BOISVERT, SHERBROOKE (QC), J1G4T2, A/S JEAN-MICHEL ROY"
9380-7717 QUEBEC INC. ,"1-230 10E AVENUE S, SHERBROOKE (QC), J1G2R5, A/S JEAN-FRANCOIS PAGE"
LES IMMEUBLES G.C.I. INC. ,"4005 CH ORR, COOKSHIRE-EATON (QC), J0B 1M0"
GESTION FRANCOIS THIBODEAU INC. ,"2609 CHEMIN DE SAINTE-CATHERINE, SHERBROOKE (QC), J1N0C4"
JAVDAN IMMOBILIER INC. ,"668  BOUL LAVIGERIE, SHERBROOKE (QC), J1G 2X2"
GESTION ERIC LABRECQUE INC. ,"376 AVENUE DU PARC, SHERBROOKE (QC), J1N3M9"
9458-3473 QUEBEC INC. ,"1488 RUE ALICE-CAMPBELL, SHERBROOKE (QC), J1L0K3, A/S SAMUEL ROUSSEAU"
IMMEUBLE TABU II INC. ,"668 BOULEVARD LAVIGERIE, SHERBROOKE (QC), J1G2X2"
MYE CAPITAL INC. ,"4-730 AV BLOOMFIELD, OUTREMONT (QC), H2V 3S3"
2414-7324 QUEBEC INC. ,"130 CH DESFOSSES, CLEVELAND (QC), J0B 2H0, A/S MARIO JACQUES"
IMMEUBLES DTMC INC. ,"875 AV DE DIEPPE, SAINT-HYACINTHE (QC), J2S 7A1, A/S SYLVAIN DESROCHERS"
"LA DILIGENCE, COOP SOLIDARITE HABITATION ","004-80 RUE SAINT-LAMBERT, SHERBROOKE (QC), J1C0N8"
GESTION-LPSA S.E.N.C. ,"740 RUE CRAIG, RICHMOND (QC), J0B 2H0"
9478-4261 QUEBEC INC. ,"2007 RUE DES CIMES, SHERBROOKE (QC), J1E4M1"
COOP. D'HABITATION DE BROMP. ,"3-350 RUE SAINT-LAMBERT, SHERBROOKE (QC), J1C0N9"
GIRARD VILLENEUVE & ASSOCIES INC. ,"2 RUE SAINT-JOSEPH, SHERBROOKE (QC), J1C0P6"
9090-3816 QUEBEC INC. ,"82 RUE BOURASSA, SHERBROOKE (QC), J1C0M1, A/S REJEAN THERRIEN"
9105-4866 QUEBEC INC. ,"241 CHEMIN DE NOTRE-DAME-DES-MERES, SHERBROOKE (QC), J1C0A8, A/S MICHEL PINARD"
LE MONTAGNAIS LTEE ,"809 RUE DE L' ONTARIO, SHERBROOKE (QC), J1J3R9"
9460-1192 QUEBEC INC. ,"102-4865 RUE JEAN-TALON O, MONTREAL (QC), H4P 1W7, A/S NOAM PEREZ"
9347-4682 QUEBEC INC. ,"901 RUE WESTMOUNT, AYER'S CLIFF (QC), J0B 1C0"
GESTION ROSAIRE COTE INC. ,"263 RUE PRINCIPALE E, MARTINVILLE (QC), J0B 2A0"
9152-9974 QUEBEC INC. ,"2640 RUE LE MOYNE, SHERBROOKE (QC), J1K1S7, A/S ELIAS MANOUSAKAS"
9295-3397 QUEBEC INC. ,"2365  CH DU MOULIN, SAINT-DENIS-DE-BROMPTON (QC), J0B2P0, A/S DOMINIC BOUFFARD"
9393-4503 QUEBEC INC. ,"1688 RUE DENAULT, SHERBROOKE (QC), J1K1E6, A/S WENWEI WANG"
215 BELLEVUE APARTMENTS LIMITED ,"2000-77 BLOOR ST W, TORONTO (ON), M5S 1M2"
RESIDENCE LE VU INC. ,"137-2400 RUE DES NATIONS, SAINT-LAURENT (QC), H4R 3G4"
JCFS IMMOBILIER INC. ,"2605 RUE ARGENSON, SHERBROOKE (QC), J1J1P5, A/S SARAH HASHMI"
9397-2032 QUEBEC INC. ,"CP 49022 CSP DE LA COLLINE, QUEBEC (QC), G1X 4V2"
9197-3156 QUEBEC INC. ,"208-1745 RUE SHERBROOKE, MAGOG (QC), J1X 2T5, A/S JEAN-GUY VEILLEUX"
GESTION SJNP INC. ,"2190 CH DESCHESNE, SAINT-DENIS-DE-BROMPTON (QC), J0B 2P0, A/S NICOLAS POULIOT"
ESTRIMMOBILIER INC. ,"133 RUE RIOUX, SHERBROOKE (QC), J1J2W6"
9452-2786 QUEBEC INC. ,"A-1760 RUE PROSPECT, SHERBROOKE (QC), J1J3Y9, A/S MICHEL GALLANT"
9336-4230 QUEBEC INC. ,"825 CHEMIN MOULTON HILL, SHERBROOKE (QC), J1G5L3, A/S MYRIAM PARE"
9423-7633 QUEBEC INC. ,"203-7236 RUE WAVERLY, MONTREAL (QC), H2R 0C2"
9423-7682 QUEBEC INC. ,"203-7236 RUE WAVERLY, MONTREAL (QC), H2R 0C2"
9251-3654 QUEBEC INC. ,"C.P. 25031 CSP PLZ ROCK FOREST, SHERBROOKE (QC), J1N 0N1, A/S CLAUDE VEILLEUX"
9413-7502 QUEBEC INC. ,"2909 RUE HARPIN, SHERBROOKE (QC), J1G3P3, A/S ALEX BEDARD"
9366-6733 QUEBEC INC. ,"485 RUE DE LA GRANDE-ALLÉE, VERDUN (QC), H3E 1Y4"
9492-3570 QUEBEC INC. ,"101-1320 RUE GAY-LUSSAC, BOUCHERVILLE (QC), J4B7G4"
HAN-LOGEMENT ,"1691 CH DE LA RIVIERE-AUX-CERISES, MAGOG (QC), J1X 3W3"
9380-5836 QUEBEC INC. ,"1657 RUE MAGRITTE, SHERBROOKE (QC), J1N0A4"
9477-4627 QUEBEC INC. ,"70 RUE DES MALARDS, SAINT-DENIS-DE-BROMPTON (QC), J0B 2P0, A/S LUDOVIC THIBAULT"
GESTION MARC-ANDRE GRATTON INC. ,"709 CHEMIN DU 2E RANG, SHERBROOKE (QC), J1C0B2"
IMMEUBLE BERARD-LAGANIERE 1 INC. ,"2720 CHEMIN ALFRED-CHAMPIGNY, SHERBROOKE (QC), J1H5H2"
GROUPE FPH INC. ,"377 RUE KING E, SHERBROOKE (QC), J1G1B4"
9321-3783 QUEBEC INC. ,"17 CH DU 10E-RANG, SAINT-VENANT-DE-PAQUETTE (QC), J0B 1S0, A/S ALEXANDRE HOULE"
9321-3775 QUEBEC INC. ,"17 CH DU 10E-RANG, SAINT-VENANT-DE-PAQUETTE (QC), J0B 1S0, A/S REJEAN HOULE"
9463-3146 QUEBEC INC. ,"104-268 CHEMIN GODIN, SHERBROOKE (QC), J1R0S6, A/S FRANCIS LAFLEUR"
IMMOMED INC. ,"2581 RUE HONORE-DE BALZAC, SHERBROOKE (QC), J1L0B2"
9394-8834 QUEBEC INC. ,"470 RUE DE MONTREAL, SHERBROOKE (QC), J1H1E5, A/S OLIVIER HOMANS"
9435-1137 QUEBEC INC. ,"1 RUE GASTON, VICTORIAVILLE (QC), G6R 1M4"
SOC. COMM. EDIFICE LE RIVERAIN PH.I ENR ,"1835 BOULEVARD QUEEN-VICTORIA, SHERBROOKE (QC), J1J4N8"
LOGEMENTS BLPH INC ,"5050 RUE DE LA RANDONNEE, SHERBROOKE (QC), J1N0N8"
IMMEUBLES VIEUX-NORD INC. ,"142 RUE DE L' ONTARIO, SHERBROOKE (QC), J1J3P9"
9455-1462 QUEBEC INC. ,"7067 RUE DE LA ROCHE, MONTREAL (QC), H2S 2E6, A/S JULIEN GEREMIE"
2749-4277 QUEBEC INC. ,"1530 RUE GALT O, SHERBROOKE (QC), J1H2B4"
LA SOCIETE EN COMMANDITE LE RIVIERA ENR ,"1835 BOULEVARD QUEEN-VICTORIA, SHERBROOKE (QC), J1J4N8"
9307-3930 QUEBEC INC. ,"617-2940 RUE DES CHENES, SHERBROOKE (QC), J1L2Z3"
9428-8719 QUEBEC INC. ,"3440 RUE JEAN-PAUL-SARTRE, LAVAL (QC), H7P 0B9, A/S ANTOINE DORAY"
9392-5642 QUEBEC INC. ,"1090 RUE DE LA FALAISE, SHERBROOKE (QC), J1N2M9"
GESTION PLEXOS INC. ,"4543 RUE DU CALEMBOUR, SHERBROOKE (QC), J1N3V3"
GESTION SMTS INC. ,"6755 CHEMIN BLANCHETTE, SHERBROOKE (QC), J1N0C7"
LOCATION JMDL INC. ,"1080 RUE DE HAMBOURG, LAVAL (QC), H7P 3X7"
9368-6525 QUEBEC INC. ,"4718 RUE GEORGE-V, SHERBROOKE (QC), J1N3Y4, A/S DOMINIQUE MASSICOTTE"
9148-3016 QUEBEC INC. ,"1270 RUE GALT O, SHERBROOKE (QC), J1H2A7, A/S CHRISTIAN MUNGER"
LEVI CAPITAL INC. ,"1094 RUE BERUBE, SHERBROOKE (QC), J1N1B6"
LES IMMEUBLES LA SUITE INC. ,"104-701 CHEMIN LOUIS-CAYER, SHERBROOKE (QC), J1R0H7"
99 RUE ALEXANDRE INC. ,"401-268 RUE ABERDEEN, SHERBROOKE (QC), J1H1W5"
LES IMMEUBLES APP INC. ,"3775 RUE LA VERENDRYE, SHERBROOKE (QC), J1L1W8"
9413-4004 QUEBEC INC. ,"245 RUE CORMIER, DRUMMONDVILLE (QC), J2C 2N3"
LES INVESTISSEMENTS IMMOBILIERS PM INC. ,"270 4E RANG, TINGWICK (QC), J0A 1L0, A/S PATRICK SIMONEAU"
LES IMMEUBLES B.B.D.M. INC. ,"41 RUE KING O, SHERBROOKE (QC), J1H1P1, A/S MARC BEZEAU"
9424-2914 QUEBEC INC. ,"1915 RUE GRIME, SHERBROOKE (QC), J1J1E8, A/S JEROME LEBEL"
9322-0465 QUEBEC INC. ,"41 RUE KING O, SHERBROOKE (QC), J1H1P1"
LES PLACEMENTS MONDIAL 2005 INC. ,"3815 RUE ROUSSEAU, SHERBROOKE (QC), J1L2B6, A/S GILLES CHIASSON"
GESTION IMMOBILIERE MAYER VLACHOS SNC ,"1565 RUE DU DOMINION, SHERBROOKE (QC), J1J1N5"
ENTREPRISES S. DUCHESNE INC. ,"120 CH KING, COWANSVILLE (QC), J2K 3G8"
9440-1668 QUEBEC INC. ,"2900 AV LOUIS-DANTIN, MONTREAL (QC), H3M 1E6"
HANDI-RESSOURCES ,"202-977 RUE GALT O, SHERBROOKE (QC), J1H1Z6, A/S JOSEE FONTAINE"
9338-4634 QUEBEC INC. ,"168 RUE DU DIAMANT, GRANBY (QC), J2H 2S6"
GESTION TMS INC. ,"535 RUE JOSEPH, SAINT-DENIS-DE-BROMPTON (QC), J0B 2P0, A/S BENOIT LEFEBVRE"
9161-5369 QUEBEC INC. ,"1835 BOULEVARD QUEEN-VICTORIA, SHERBROOKE (QC), J1J4N8, A/S ROBERT JACQUES"
GESTION GLOBALE BOURQUE INC. ,"2296 CH DU PARC, ORFORD (QC), J1X 7A2, A/S DAVID BOURQUE"
COOP. HAB. LE RADOUB SHERBR. ,"4-580 RUE DE VIMY, SHERBROOKE (QC), J1J3N3, A/S JOSEE GOUDREAU"
9349-6529 QUEBEC INC. ,"1565 RUE DU DOMINION, SHERBROOKE (QC), J1J1N5, A/S KUMAR MAYER"
GESTION MALI-MICHEL INC. ,"154 RUE BELLEVUE, SHERBROOKE (QC), J1J2Y4, A/S MICHEL FONTAINE"
9045-3580 QUEBEC INC. ,"5726 RUE WAVERLY, MONTREAL (QC), H2T 2Y1, A/S FRANCOIS DULUDE"
9450-5906 QUEBEC INC. ,"5850 RUE SOUBIROUS, LAVAL (QC), H7H 2R9, A/S SINA MOETAKEF"
9046-2839 QUEBEC INC. ,"2570 RUE RAIMBAULT, SHERBROOKE (QC), J1J2J6, A/S MICHEL HEVEY"
IMMEUBLES ZXM INC. ,"921 RUE HENRI-IV, SHERBROOKE (QC), J1N4G3"
9436-6804 QUEBEC INC. ,"8260 AV HENRI-JULIEN, MONTREAL (QC), H2P 2J2, A/S AUGUSTIN HEBERT"
YANOR INC. ,"866 BOULEVARD QUEEN-VICTORIA, SHERBROOKE (QC), J1J3T8, A/S MARIE-JO BRIEN"
LES RESID. ET APPART. LE MONASTERE INC. ,"871 RUE DE L' ONTARIO, SHERBROOKE (QC), J1J3S1"
9422-0464 QUEBEC INC. ,"156 RUE ANDRE, MAGOG (QC), J1X 0J8, A/S SUZELLE LABONTÉ & FRANÇOIS DION"
RABEAU PROPERTY GROUP INC. ,"126 DEWHURST BLVD, TORONTO (ON), M4J 3J6"
CONSTRUIBEC INC. ,"126-3000 12E AVENUE N, SHERBROOKE (QC), J1H5H3"
COOP. D'HABITAT. DU GRAND PORTAGE SHERB. ,"1265 RUE COUSINEAU, SHERBROOKE (QC), J1J3T2"
COOP D'HABITATION DES CANTONS DE L'EST ,"548 RUE DUFFERIN, SHERBROOKE (QC), J1H4N1"
BASKIIN IMMOBILIER INC. ,"1410 RUE MARINI, SHERBROOKE (QC), J1N4K4"
11926926 CANADA INC. ,"576 CH LABONTE, COOKSHIRE-EATON (QC), J0B 1M0"
IMMOBILIER MAX & ROX INC. ,"700-8000 BOUL LANGELIER, SAINT-LEONARD (QC), H1P 3K2"
109006 CANADA INC. ,"C.P. 23503 CSP CP DES VILLAS, BELOEIL (QC), J3G6M2, A/S DANIEL BELANGER"
9433-8233 QUEBEC INC. ,"3905 RUE LESAGE, SHERBROOKE (QC), J1L2Z9"
9410-7893 QUEBEC INC. ,"208-6000 BOUL METROPOLITAIN E, SAINT-LEONARD (QC), H1S 1B1"
HAUS CONSTRUCTION DESIGN INC. ,"377 RUE KING E, SHERBROOKE (QC), J1G1B4"
9229-9593 QUEBEC INC. ,"60 ROUTE 255, WOTTON (QC), J0A 1N0"
9428-3967 QUEBEC INC. ,"668 BOULEVARD LAVIGERIE, SHERBROOKE (QC), J1G2X2, A/S MARC-ANTOINE VEZINA"
GESTION PELOQUIN INC. ,"6598 RUE BERTRAND-FABI, SHERBROOKE (QC), J1N1C2"
GESTION AMGR INC. ,"621 RUE LEFRANCOIS, ROSEMERE (QC), J7A 4R5, A/S ROY RIZK"
GOSFORD INVESTISSEMENT INC. ,"761 RUE ANDRIEN, GREENFIELD PARK (QC), J4V 3L7"
9423-7799 QUEBEC INC. ,"3536 RUE KING E, SHERBROOKE (QC), J1G5J3, A/S GEORGES BOU-CHAAYA"
LES APPARTEMENTS CARRE BELVEDERE INC. ,"668 BOULEVARD LAVIGERIE, SHERBROOKE (QC), J1G2X2"
9436-2928 QUEBEC INC. ,"545 RUE BORDELEAU, MAGOG (QC), J1X 0M9, A/S MARTIN BOULE"
9411-8189 QUEBEC INC. ,"7735 CHEMIN DE SAINT-ELIE, SHERBROOKE (QC), J1R0C4, A/S JEAN-SEBASTIEN DUBOIS"
INFORMATIQUE INFOQUICK INC. ,"761 RUE ANDRIEN, GREENFIELD PARK (QC), J4V 3L7"
SOCIETE IMMOBILIERE NPD INC. ,"668 BOULEVARD LAVIGERIE, SHERBROOKE (QC), J1G2X2"
9337-3660 QUEBEC INC. ,"82 RUE ELIZABETH, SOREL-TRACY (QC), J3P 4G5"
COOP. D'HABITATION DE LA MONTAGNE ,"22-1455 RUE DE KINGSTON, SHERBROOKE (QC), J1H3T2"
BISMUTH IMMOBILIER INC. ,"1089 BOUL SAINT-JOSEPH, LACHINE (QC), H8S 2M2"
9154-2225 QUEBEC INC. ,"1950 RUE MONDOR, SHERBROOKE (QC), J1N0S5, A/S NANCY CORRIGAN"
LES APPARTEMENTS BELLEVUE INC. ,"6670 BOUL MONK, MONTREAL (QC), H4E 3J1, A/S AVIA PINCHIAROLI"
SMART-CEB SERVICE CONSEIL INC. ,"52 RUE DU GLENBOW, GATINEAU (QC), J9J 0Z2"
IMMOBILIER SVL INC. ,"463 RUE LEGENDRE, REPENTIGNY (QC), J6A6A4"
12355981 CANADA INC. ,"CP 49022 CSP DE LA COLLINE, QUEBEC (QC), G1X 4V2, A/S FREDERICK TREMBLAY"
9435-4263 QUEBEC INC. ,"353 RUE DES AULNES, SHERBROOKE (QC), J1G4S1, A/S STEPHANE TREMBLAY"
9357-3012 QUEBEC INC. ,"353 RUE DES AULNES, SHERBROOKE (QC), J1G4S1, A/S STEPHANE TREMBLAY"
COOP DE SOLIDARITE L'AUTRE-TOIT ,"57 RUE RICHMOND, SHERBROOKE (QC), J1H3V7, A/S MYLENE BERUBE"
IMMOPAMM INC. ,"68 RUE DE L'AQUILON, ORFORD (QC), J1X 6Y8, A/S PATRICK LAPLANTE"
140181 CANADA LTEE IN TRUST ,"1 69E AVENUE, CHOMEDEY-LAVAL (QC), H7V 2N5, A/S MOHAMED BADR"
9386-5624 QUEBEC INC. ,"6821 RUE DES FLAMANTS, TERREBONNE (QC), J7M 1G7, A/S PATRICK SOBODKER"
RESIDENCES ASCOT ,"1160 TERRASSE TURCOTTE, TROIS-RIVIERES (QC), G9A 5C6, A/S GHISLAIN AUBIN"
9377-0964 QUEBEC INC. ,"1033 RUE MEUNIER, SAINT-JEAN-SUR-RICHELIEU (QC), J3A 1E1"
9422-3625 QUEBEC INC. ,"914 RUE LAURIER, BELOEIL (QC), J3G 4K9"
9504-1372 QUEBEC INC. ,"3207 CH SAINTE-FOY CP 49022, QUEBEC (QC), G1X 4V2"
LE 1890 DES GRANDS-MONTS INC. ,"101-1320 RUE GAY-LUSSAC, BOUCHERVILLE (QC), J4B 7G4, A/S LOUIS-PHILIPPE POISSON"
9099-9269 QUEBEC INC. ,"268 RUE KING O, SHERBROOKE (QC), J1H1R1, A/S SYLVAIN BROCHU"
9464-5736 QUEBEC INC. ,"608 RUE MARIE-ANNE-TROTTIER, TERREBONNE (QC), J6V 1J5"
MS FINANCE INC. ,"463 RUE LEGENDRE, REPENTIGNY (QC), J6A6A4"
9520-0812 QUEBEC INC. ,"138 7E AV, LACHINE (QC), H8S 2Z3"
9367-1220 QUEBEC INC. ,"138 7E AV, LACHINE (QC), H8S 2Z3"
CONCEPT HARVEY ROURKE INC. ,"20 RUE PICARDY, BAIE-D'URFE (QC), H9X 3G2"
9415-8052 QUEBEC INC. ,"1551 CH DE LA BELLE-RIVIERE, SAINTE-JULIE (QC), J3E 1Y2"
9377-9510 QUEBEC INC. ,"CP 63175 CSP PL DU COMMERCE, VERDUN (QC), H3E 1V6"
GESTION IMMOBILIERE I.D. INC. ,"6694 CHEMIN BLANCHETTE, SHERBROOKE (QC), J1N0C7, A/S ISABELLE BERGERON"
INVESTISSEMENTS IMMOBILIERS PB INC. ,"229-392 AV DORVAL, DORVAL (QC), H9S 3H7, A/S LOUIS PLANTE"
COOP. D'HABITATION DES GRANDES FAMILLES ,"00-900 RUE DE L' ANCIENNE-CARRIERE, SHERBROOKE (QC), J1H0G1"
LES IMMEUBLES DELAFONTAINE INC. ,"18 RUE JOURDAIN, PORT-CARTIER (QC), G5B 2K6"
COOP DE SOLIDARITE L'HABITATION HAUBANS ,"104-1357 RUE DE COURCELETTE, SHERBROOKE (QC), J1H5X4, A/S SECRETAIRE-TRESORIERE"
9512-4665 QUEBEC INC. ,"955 RUE DE LISIEUX, SHERBROOKE (QC), J1K2A5, A/S SIMON JEAN"
GESTION BASS INC. ,"8201 BOULEVARD BOURQUE, SHERBROOKE (QC), J1N0G2"
GROUPE I2LP INC. ,"6 RUE OLIER, SAINT-BASILE-LE-GRAND (QC), J3N 1L6"
9515-4670 QUEBEC INC. ,"1439 RUE BELIVEAU, SHERBROOKE (QC), J1K2R7, A/S FÉLIX TRÉPANIER"
9512-3279 QUEBEC INC. ,"41 RUE KING O, SHERBROOKE (QC), J1H1P1"
EQUATIO MARKETING ET EXPORTATION INC. ,"79 RUE BRYANT, SHERBROOKE (QC), J1J3E5, A/S JEAN-SEBASTIEN CYR"
IMMO BO INC. ,"4930 RUE DE LA RANDONNEE, SHERBROOKE (QC), J1N0N8"
LA GRANDE VIE COOP SOLIDARITE HABITATION ,"100-1360 RUE DE COURCELETTE, SHERBROOKE (QC), J1H3Y5, A/S MICHEL L'ESPERANCE"
TURQUOISE PROPRIETES INC. ,"PH3-3455 RUE AYLMER, MONTREAL (QC), H2X 2B5"
INVESTISSEMENTS LECLERC INC. ,"217 CH DU CHENE-ROUGE, CANTON-DE-HATLEY (QC), J0B 2C0, A/S BENOIT LECLERC"
9497-2270 QUEBEC INC. ,"1094 RUE BERUBE, SHERBROOKE (QC), J1N1B6"
9415-5769 QUEBEC INC. ,"48 CH COUTURE, COOKSHIRE-EATON (QC), J0B 2A0"
9309-5529 QUEBEC INC. ,"1488 RUE DE L'ANSE-DU-CAP-ROUGE, QUÉBEC (QC), G1Y 1R3, A/S REMI BOUCHARD"
GESTION 223 FABI INC. ,"7067 RUE DE LA ROCHE, MONTREAL (QC), H2S 2E6"
PRODUCTION ANDREE MENARD INC. ,"2-1094 RUE PERRY, SHERBROOKE (QC), J1H3Z4"
COOP. D'HABITATION DU PALMIER DECONNECTE ,"1-1172 RUE CRAIG, SHERBROOKE (QC), J1H4H3"
LES IMMEUBLES ASM INC. ,"1055 RUE LAROCQUE, SHERBROOKE (QC), J1H4R7"
GESTION ANANSE INC. ,"4-3745 RUE MASSON, MONTRÉAL (QC), H1X 1S7"
FERME PLEIN VENT S.E.N.C. ,"1449 RUE SAINT-PATRICE E, MAGOG (QC), J1X 1V7"
GESTION CG S.E.N.C. ,"38 CH DES COTE, MARTINVILLE (QC), J0B 2A0"
THERIAULT IMMOBILIER INC. ,"31 RUE DU SOLEIL, SAINT-HIPPOLYTE (QC), J8A 3R4, A/S ANNIE THERIAULT"
9464-8623 QUEBEC INC. ,"2900 AV LOUIS-DANTIN, MONTREAL (QC), H3M 1E6"
405 RUE LEONIDAS INC. ,"401-268 RUE ABERDEEN, SHERBROOKE (QC), J1H1W5"
STEVE BACHAND IMMOBILIER INC. ,"2194 RUE KING O, SHERBROOKE (QC), J1J2E8"
LE 1240 LAROCQUE INC. ,"101-1320 RUE GAY-LUSSAC, BOUCHERVILLE (QC), J4B 7G4"
COOP. D'HABITAT. (LA RELANCE) ,"2-380 RUE DES JONQUILLES, SHERBROOKE (QC), J1E3A1"
LUSCAM DISTRIBUTION INC. ,"893 RUE KING O, SHERBROOKE (QC), J1H1R9, A/S GUY CAMPAGNA"
9465-9018 QUEBEC INC. ,"875 RUE KING O, SHERBROOKE (QC), J1H1R9"
COOP. D'HABITAT. ENFANTS TER. SHERBROOKE ,"857 RUE DE L' ESPLANADE, SHERBROOKE (QC), J1H1S7"
G1-BLOC INC. ,"225 RUE DENIS, WATERVILLE (QC), J0B 3H0, A/S ALAIN DESROSIERS"
GESTION PN TOUSSAINT INC. ,"172 CHEMIN GEORGES-VALLIERES, SHERBROOKE (QC), J1R0R1"
9389-3436 QUEBEC INC. ,"3844 RUE MANCE, LAVAL (QC), H7P 4A1, A/S RAMI SAINTUS"
LES IMMEUBLES WG INC. ,"802-9000 BOUL LEDUC, BROSSARD (QC), J4Y 0E6"
LOGEWELL INC. ,"1557 RUE KING E, SHERBROOKE (QC), J1G1E8"
9409-2863 QUEBEC INC. ,"1662 BOULEVARD DU MI-VALLON, SHERBROOKE (QC), J1N4G8"
LA CORDEE TRANSIT DE JOUR INC ,"305 RUE DUFFERIN, SHERBROOKE (QC), J1H4M5, A/S SOLANGE CHAMPIGNY"
9456-5314 QUEBEC INC. ,"244 RUE LOUBIAS, SAINT-JEAN-SUR-RICHELIEU (QC), J2X 0A7"
LESSARD PELLERIN IMMOBILIER INC. ,"712 RUE DE CHOMEDEY, SHERBROOKE (QC), J1N0Y7"
COOP. D'HABITAT. DU POSSIBLE ,"CP 1151 SUCC PL DE LA CITE, SHERBROOKE (QC), J1H 5L5, A/S NICOLE LAMBERT"
IMMOBILIER DOOB-GILLESPIE INC. ,"401-268 RUE ABERDEEN, SHERBROOKE (QC), J1H1W5"
56 RUE CAMIRAND INC. ,"401-268 RUE ABERDEEN, SHERBROOKE (QC), J1H1W5"
9379-1473 QUEBEC INC. ,"157 RUE DES PERCE-NEIGE, OTTERBURN PARK (QC), J3H 5Y4"
231 RUE ALEXANDRE INC. ,"401-268 RUE ABERDEEN, SHERBROOKE (QC), J1H1W5"
9403-5029 QUEBEC INC. ,"351 RUE DE L' ONTARIO, SHERBROOKE (QC), J1J3R3"
SOC DE PLACEMENT STELIOS INC. ,"1197 RUE MCCREA, SHERBROOKE (QC), J1H0B1"
151 RUE ALEXANDRE INC. ,"401-268 RUE ABERDEEN, SHERBROOKE (QC), J1H1W5"
9333-5628 QUEBEC INC. ,"1053 RUE DES TOURTERELLES, SHERBROOKE (QC), J1R0M5, A/S CARL ST-AMANT"
IKIGAI IMMOBILIER INC. ,"401-268 RUE ABERDEEN, SHERBROOKE (QC), J1H1W5"
170 ALEXANDRE INC. ,"637 AV MURRAY HILL, WESTMOUNT (QC), H3Y2W8, A/S JORDAN FLINKER"
9271-7412 QUEBEC INC. ,"3937 CH SAINTE-THÉRÈSE, CARIGNAN (QC), J3L 7W4, A/S GONZALO ARGENIS NUNEZ BARRETO"
GESTION GRAND INTERNATIONAL INC. ,"3050 BOUL BECANCOUR, BECANCOUR (QC), G9H 3V9, A/S LIONEL CUGGIA"
9491-8000 QUEBEC INC. ,"43 RUE ALEXANDRE, SHERBROOKE (QC), J1H4S5, A/S VIRGINIE ROY"
9455-7147 QUEBEC INC. ,"2877 RUE JEAN-CHARLES-BONENFANT, BOISBRIAND (QC), J7H 1P1"
9474-4810 QUEBEC INC. ,"204 RUE JOSEPH-ROBERTSON, SHERBROOKE (QC), J1L2X3"
9489-3039 QUEBEC INC. ,"1567 RUE KING O, SHERBROOKE (QC), J1J2C6"
SOCIETE IMMOBILIERE SBFJ INC. ,"1090 RUE DE LA FALAISE, SHERBROOKE (QC), J1N2M9"
LPS ARCHITECTURE&GESTION INC. ,"3580 RUE MEILLEUR, BROSSARD (QC), J4Y 2G5"
INVESTISSEMENTS LPNB INC. ,"3580 RUE MEILLEUR, BROSSARD (QC), J4Y 2G5"
INVESTA SOCIETE IMMOBILIERE INC. ,"1090 RUE DE LA FALAISE, SHERBROOKE (QC), J1N2M9"
420 RUE GALT OUEST INC. ,"401-268 RUE ABERDEEN, SHERBROOKE (QC), J1H1W5"
GESTION TALBOT CHAUVEAU INC. ,"182 CH PINARD CP 144, STOKE (QC), J0B 3G0, A/S YVON TALBOT"
IMMEUBLES JUTRAS SCHWEIZER INC. ,"125 BOUL KILLORAN, DRUMMONDVILLE (QC), J2C 1J4"
9457-2096 QUEBEC INC. ,"47 RUE LAURIER, MAGOG (QC), J1X 2K2"
KAIRA INC. ,"7991 RUE SAINT-DENIS, MONTREAL (QC), H2R 2G2"
9436-5608 QUEBEC INC. ,"3380 RUE GALT O, SHERBROOKE (QC), J1H0A5, A/S MAXIME DESPRES-ARNOLD"
9486-2984 QUEBEC INC. ,"1090 RUE DE LA FALAISE, SHERBROOKE (QC), J1N2M9"
112 RUE GILLESPIE INC. ,"203 RUE ALEXANDRE, SHERBROOKE (QC), J1H4S8"
GESTION ALEXANDRE BALL INC. ,"13-185 RUE JACQUES-CARTIER N, SAINT-JEAN-SUR-RICHELIEU (QC), J3B 6T1"
230 RUE ALEXANDRE INC. ,"401-268 RUE ABERDEEN, SHERBROOKE (QC), J1H1W5"
197 RUE GILLESPIE INC. ,"401-268 RUE ABERDEEN, SHERBROOKE (QC), J1H1W5"
REVALORISATION CENTRO INC. ,"401-268 RUE ABERDEEN, SHERBROOKE (QC), J1H1W5"
833 RUE ST-LOUIS INC. ,"401-268 RUE ABERDEEN, SHERBROOKE (QC), J1H1W5"
9407-8714 QUEBEC INC. ,"524 RUE JEAN-VALCOURT, SHERBROOKE (QC), J1C0J9"
IMMEUBLES LZ INC. ,"81 CH BELVAL, BROMONT (QC), J2L 2X5"
9413-9201 QUEBEC INC. ,"1-9185 RUE BAYNE, LASALLE (QC), H8R 2G9"
81-83 WELLINGTON S.E.C. ,"351 RUE DE L' ONTARIO, SHERBROOKE (QC), J1J3R3"
9385-3463 QUEBEC INC ,"351 RUE DE L' ONTARIO, SHERBROOKE (QC), J1J3R3"
116 SANBORN INC. ,"401-268 RUE ABERDEEN, SHERBROOKE (QC), J1H1W5"
9425-9231 QUEBEC INC. ,"4380 BOUL PIE-IX, MONTREAL (QC), H1X 2B3"
9165-7262 QUEBEC INC. ,"1768 RUE BARBEAU, SHERBROOKE (QC), J1L0J5, A/S NICOLE FORTIN"
AUBERGE ANOKHI INC. ,"10 RUE BROOKS, SHERBROOKE (QC), J1H4X6"
40 RUE BROOKS INC. ,"133 RUE BALL, SHERBROOKE (QC), J1H1T9"
COBALT CAPITAL INC. ,"5726 RUE WAVERLY, MONTREAL (QC), H2T 2Y1"
IMMEUBLES CCTG POTTER LTEE ,"10300 RUE GRANDE-ALLEE, MONTREAL (QC), H3L 2M3, A/S GUILLAUME DELROEUX"
NOVACOR INC. ,"100-100 RUE RICHMOND, SHERBROOKE (QC), J1H6E1"
INVERSTISSEMENTS IMMOBILIERS SPL INC. ,"2669 RUE LE ROYER, SHERBROOKE (QC), J1K2X7"
9411-1523 QUEBEC INC. ,"401-268 RUE ABERDEEN, SHERBROOKE (QC), J1H1W5"
9402-9402 QUEBEC INC. ,"3165 RUE FANCAMP, SHERBROOKE (QC), J1K2Y5, A/S SIMON DOLBEC"
9397-4848 QUEBEC INC. ,"1375 RUE BRADLEY, SHERBROOKE (QC), J1J1M1, A/S KIM JUBINVILLE"
9465-7087 QUEBEC INC. ,"6470 BOULEVARD BOURQUE, SHERBROOKE (QC), J1N1H3, A/S YOUSSEF CHAMPAGNE-OUCHACHI"
9193-1840 QUEBEC INC. ,"245 RUE HIGH, SHERBROOKE (QC), J1H3W2, A/S YVES DUMAS"
COOP. D'HABITAT. LA ROUCOULE DE SHERBR. ,"6-256 RUE MOORE, SHERBROOKE (QC), J1H1B9"
PLACEMENTS MONDIAL 2005 INC. ,"3815 RUE ROUSSEAU, SHERBROOKE (QC), J1L2B6"
DEVELOPPEMENT OLYMBEC INC. ,"333 BOUL DECARIE 5E ET, MONTREAL (QC), H4N 3M9"
9414-0415 QUEBEC INC. ,"401-268 RUE ABERDEEN, SHERBROOKE (QC), J1H1W5"
12687330 CANADA INC. ,"132 RUE GUILBAULT, LONGUEUIL (QC), J4H 2T5, A/S JONATHAN MARTIN"
INVESTISSEMENTS OLYMBEC INC. ,"333 BOUL DECARIE 5E ET, MONTREAL (QC), H4N 3M9"
GESTION ZANDANT LTEE ,"604-4060 RUE SAINTE-CATHERINE O, WESTMOUNT (QC), H3Z 2Z3, A/S ANTHONY ZITMANN"
9209-7328 QUEBEC INC. ,"345 RUE HOVEY, NORTH HATLEY (QC), J0B 2C0, A/S CHARLES DUSSAULT"
CA CLIQUE (1984) LTEE ,"900 RUE NICOLAS-BOILEAU, SHERBROOKE (QC), J1L0G9, A/S MARCEL DUSSEAULT"
LAMART BK INVESTISSEMENTS INC. ,"41 RUE KING O, SHERBROOKE (QC), J1H1P1"
IMMOBE-LIES S.E.N.C. ,"1415 RUE DES ALOUETTES, SAINT-BRUNO-DE-MONTARVILLE (QC), J3V 6E4"
MCMP SERVICES-CONSEILS INC. ,"110 AV BALFOUR, MONT-ROYAL (QC), H3P 1L7"
9319-4504 QUEBEC INC. ,"1375 RUE BRADLEY, SHERBROOKE (QC), J1J1M1, A/S EDIFICE CATHEDRALE"
ECOPLAN LTEE ,"22-158 RUE FRONTENAC, SHERBROOKE (QC), J1H1J9, A/S MARCO-PIERRE CAZA"
9041-0150 QUEBEC INC. ,"900 RUE NICOLAS-BOILEAU, SHERBROOKE (QC), J1L0G9, A/S PHILIPPE DUSSEAULT"
9519-2357 QUEBEC INC. ,"1662 BOULEVARD DU MI-VALLON, SHERBROOKE (QC), J1N4G8"
SOCIETE IMMOBILIERE PRIVEE CARON & TREPANIER INC. ,"1439 RUE BELIVEAU, SHERBROOKE (QC), J1K2R7"
LES IMMEUBLES MARIE-SOPHIE INC. ,"210 RUE PERRAS, SHERBROOKE (QC), J1N3N8"
9167-2584 QUEBEC INC. ,"11 RUE MEADOW, HATLEY (QC), J0B 4B0, A/S CHARLES GAGNON"
149 WELLINGTON NORD INC. ,"151 RUE WELLINGTON N, SHERBROOKE (QC), J1H5B9"
GESTION IMMOBILIERE THIBODEAU INC. ,"1170 RUE CRAIG N, COOKSHIRE-EATON (QC), J0B1M0"
9382-6329 QUEBEC INC. ,"4208 RUE SHERBROOKE, MAGOG (QC), J1X 5R2, A/S GABRIEL DELORME-TREPANIER"
9270-1788 QUEBEC INC. ,"763 RUE DU CONSEIL, SHERBROOKE (QC), J1G1L1, A/S CARL LAPOINTE"
9454-0598 QUEBEC INC. ,"140 RUE DU CONSEIL, SHERBROOKE (QC), J1G1H8"
9027-6957 QUEBEC INC. ,"1282 CHEMIN DU 6E RANG, SHERBROOKE (QC), J1C0H8"
COOP. D'HABITAT.L'OASIS ST-JEAN-BAPTISTE ,"184 RUE BIRON, SHERBROOKE (QC), J1G1G8"
SIMARD & ASS. EXPERTS CONS. EVALUATION INC. ,"636 RUE DU QUEBEC, SHERBROOKE (QC), J1H3M2"
171 RUE DU CEGEP INC. ,"401-268 RUE ABERDEEN, SHERBROOKE (QC), J1H1W5"
7710895 CANADA CORP. ,"6 RUE DU GRAND-DUC, VERDUN (QC), H3E 1V3"
ENTREPOT RJL INC. ,"82 RUE ELIZABETH, SOREL-TRACY (QC), J3P 4G5"
GROUPE KG IMMOBILIER INC. ,"CP 55009 BP VIEUX-LONGUEUIL, LONGUEUIL (QC), J4H 1G0"
9404-1639 QUEBEC INC. ,"5180 RUE SAINT-DOMINIQUE, MONTREAL (QC), H2T 1V2"
9146-6573 QUEBEC INC. ,"1986 RUE ADAM, SHERBROOKE (QC), J1J1E6, A/S PIERRE CHAPDELAINE"
PLACEMENTS G.I.G. INC. ,"350 RUE DES QUARTZ, SHERBROOKE (QC), J1G4B8, A/S DOMINIC GLAUDE"
LOGEMENTS JCMM INC. ,"9935 AV CHARTON, MONTREAL (QC), H2B 2C7"
9076-4150 QUEBEC INC. ,"1885 RUE DE VALENCAY, SHERBROOKE (QC), J1G5E7, A/S DENIS POULIN"
CONSTRUCTION UBALD GIRARD INC. ,"A-479 RUE DE LA BRUERE, SHERBROOKE (QC), J1E1K6"
GROUPE TOMARA INC. ,"921 RUE HENRI-IV, SHERBROOKE (QC), J1N4G3"
9344-1335 QUEBEC INC. ,"678 BOULEVARD LAVIGERIE, SHERBROOKE (QC), J1G2X2"
9439-5589 QUEBEC INC. ,"103-9930 BOULEVARD BOURQUE, SHERBROOKE (QC), J1N0G2, A/S JEREMY LACROIX"
GESTION G. RICHARD INC. ,"70 RUE CAROLINE, SAINTE-CATHERINE-DE-HATLEY (QC), J0B 1W0"
IMMEUBLES H. DUPONT INC ,"2 RUE DU CARMEL, DANVILLE (QC), J0A 1A0, A/S HELENE DUPONT"
IMMO SUPREME INC. ,"1310 RUE DUCHESNEAU, LAVAL (QC), H7A 0A5"
LES AGENCES F.E. INC. ,"655 RUE DE ROBERVAL, BOUCHERVILLE (QC), J4B 7S7"
GESTION O4M INC. ,"4602 RUE FONTAINE, ASCOT CORNER (QC), J0B 1A0"
9134-9662 QUEBEC INC. ,"1310 RUE DES IMMORTELLES, SHERBROOKE (QC), J1E4E1, A/S FRANCOIS ROY"
9114-1762 QUEBEC INC. ,"8228 AV CASGRAIN, MONTREAL (QC), H2P 2K5, A/S JACQUES BELISLE"
9347-7669 QUEBEC INC. ,"6255 RUE LA DAUVERSIERE, SAINT-LEONARD (QC), H1S 1R7"
9273-5588 QUEBEC INC. ,"401 CH BOUDREAU, COMPTON (QC), J0B 1L0, A/S DOMINIQUE PAGE"
LES SAPINS DOWNEY INC. ,"2808 RUE DU SELLIER, CANTON-DE-HATLEY (QC), J0B 1M0, A/S STEVE DOWNEY"
GESTION IMMOBILIERE SIMARD L'HEUREUX INC ,"2611 RUE DES DAHLIAS, SHERBROOKE (QC), J1R0C6"
FIDUCIE FAMILLE REJEAN GOUIN ,"990 RUE BOWEN S, SHERBROOKE (QC), J1G2G4"
GESTION PINARD ET BOYER INC. ,"1921 RUE DU TERROIR, SHERBROOKE (QC), J1E0B1"
IMMEUBLES PRINCE-RUPERT INC. ,"668 BOULEVARD LAVIGERIE, SHERBROOKE (QC), J1G2X2"
GROUPE DUMARQ INC. ,"1055 RUE LAROCQUE, SHERBROOKE (QC), J1H4R7"
JARDINS DE L'EST INC. ,"550 RUE MURRAY, SHERBROOKE (QC), J1G2K6, A/S YVON LALLIER"
COOP. D'HABITAT. DESORMEAUX DE SHERBROOKE ,"1-740 PLACE DES ORMEAUX, SHERBROOKE (QC), J1G3L5"
GROUPE ROYVAIS INC. ,"82 RUE ELIZABETH, SOREL-TRACY (QC), J3P 4G5"
GESTION IMMOBILIERE G.M.R. EAST-ANGUS ,"203 RUE KENNEDY, EAST ANGUS (QC), J0B 1R0, A/S GHISLAIN COUTURE"
9254-1556 QUEBEC INC. ,"110-3160 12E AVENUE N, SHERBROOKE (QC), J1H5H3, A/S DAVID BUSQUE"
9365-9258 QUEBEC INC. ,"3536 RUE KING E, SHERBROOKE (QC), J1G5J3, A/S JOE PRUD'HOMME MONTPETIT"
2970-5753 QUEBEC INC. ,"5150 RUE LACORDAIRE, MONTREAL (QC), H1M 2P2, A/S ANDRE TREMBLAY"
DISTRIBUTIONS FRANCOIS PERRON INC. ,"337 RUE ALLARD, SHERBROOKE (QC), J1G5C2"
ALFRED DEMERS INC. ,"1705 RUE BELLEFLEUR, SHERBROOKE (QC), J1J1A2"
PLAC. JEAN-MARC CHARTIER INC. ,"3640 CHEMIN BIBEAU, SHERBROOKE (QC), J1H0E3"
9459-6731 QUEBEC INC. ,"1700 RUE JASMIN, SHERBROOKE (QC), J1N1J5"
9496-1166 QUEBEC INC. ,"5955 RUE DAVID-LEWIS, COTE SAINT-LUC (QC), H3X 4A1"
DENALI CAPITAL INC. ,"1094 RUE BERUBE, SHERBROOKE (QC), J1N1B6"
9423-1750 QUEBEC INC. ,"401-268 RUE ABERDEEN, SHERBROOKE (QC), J1H1W5"
DELIA EGGXTRA INC. ,"661 RUE KING E, SHERBROOKE (QC), J1G1C1, A/S YVAN AUBE"
GESTION C.P. 2006 INC. ,"2925 RUE SAVARD, SHERBROOKE (QC), J1K1S3, A/S CLAUDE POULIN"
9123-7503 QUEBEC INC. ,"78 RUE SAINT-PATRICE E, MAGOG (QC), J1X 1T4, A/S STEPHANE BOURQUE"
9179-2143 QUEBEC INC. ,"PO BOX 56 SUCC BUREAU-CHEF, WINDSOR (QC), J1S 2L7, A/S STEPHANE COTE"
9415-6254 QUEBEC INC. ,"1480 RUE SYLVA-DUPLESSIS, SHERBROOKE (QC), J1E0L5"
9361-1929 QUEBEC INC. ,"310 PLACE CALIXA-LAVALLEE, GRANBY (QC), J2G 9J9, A/S CHARLES RACICOT"
INVEXA IMMOBILIER INC. ,"1284 RUE DU BOISE, BOUCHERVILLE (QC), J4B 8W5"
CONSTRUCTION B. & R. NADEAU INC. ,"108-1130 13E AVENUE N, SHERBROOKE (QC), J1E3J4"
S.E.C. APPARTEMENTS MONTPELLIER ,"20 RUE DES TOURTERELLES, CANTON-DE-GRANBY (QC), J2H 1T8"
GROUPE IMMOBILIER EDDY SAVOIE INC. ,"549 RUE DE VERRAZANO, BOUCHERVILLE (QC), J4B 7W2"
9436-6549 QUEBEC INC. ,"302-895 CHEMIN DUPLESSIS, SHERBROOKE (QC), J1E4J7"
GESTION 900 DESPRES INC. ,"678 BOULEVARD LAVIGERIE, SHERBROOKE (QC), J1G2X2"
LA MAISON DE MONTIGNY ,"CP 22001, SHERBROOKE (QC), J1E 4B4, A/S LISE BERGERON"
GESTION 38 CROISSANT DOWNS INC. ,"13-185 RUE JACQUES-CARTIER N, SAINT-JEAN-SUR-RICHELIEU (QC), J3B 6T1"
9133-3203 QUEBEC INC. ,"160 RUE DES FORGES CP 577, TROIS-RIVIERES (QC), G9A 5H5, A/S IMMEUBLES LENNOX"
ARCHIE MCLEAN HOLDINGS LTD ,"20 RUE CONNOLLY, SHERBROOKE (QC), J1M1L9, A/S STEPHEN MCLEAN"
12664887 CANADA INC. ,"590 LAKESHORE RD, BEACONSFIELD (QC), H9W 4K4"
ROBSTAN ENTREPRISES LTD. ,"CP 474 SUCC LENNOXVILLE, SHERBROOKE (QC), J1M 1Z6"
2850-2953 QUEBEC INC. ,"102 AV DE LA PLAGE, MAGOG (QC), J1X 5V3, A/S VALERIE COURCHESNE"
SOLUTIONS IMMEUBLES INC. ,"D-251 RUE QUEEN, SHERBROOKE (QC), J1M1K5, A/S DAVID BEAUDOIN"
9512-1190 QUEBEC INC. ,"1439 RUE BELIVEAU, SHERBROOKE (QC), J1K2R7, A/S FELIX TREPANIER"
9368-1666 QUEBEC INC. ,"3050 BOUL BECANCOUR, BECANCOUR (QC), G9H 3V9, A/S LIONEL CUGGIA"
GESTION LAUZIER ET FILS INC. ,"3514 RUE FELTON, SHERBROOKE (QC), J1N2Y6"
9168-4514 QUEBEC INC. ,"1525 RUE DU CONSEIL, SHERBROOKE (QC), J1G1N5"
2426-1554 QUEBEC INC. ,"1338 RUE KING O, SHERBROOKE (QC), J1J2B6, A/S MICHEL DUTIL"
LE RENAISSANCE FLEURIMONT S.E.C. ,"809 RUE DE L' ONTARIO, SHERBROOKE (QC), J1J3R9"
9208-3930 QUEBEC INC. ,"381 11E RANG, BOLTON-EST (QC), J0E 1G0"
GESTION IMM. G.M.R. D'EAST ANGUS SEC ,"2234 RUE KING O, SHERBROOKE (QC), J1J2E8"
LES INVESTISSEMENTS CAPITAL IV INC. ,"2 CH SAINT-ONGE, RICHMOND (QC), J0B 2H0"
880-911 CAPUCINES INC. ,"875 AV DE DIEPPE, SAINT-HYACINTHE (QC), J2S 7A1"
9164-5747 QUEBEC INC. ,"2735 RUE DU TAURUS, SHERBROOKE (QC), J1E0E9, A/S SAMUEL BRETON"
9433-3606 QUEBEC INC. ,"3536 RUE KING E, SHERBROOKE (QC), J1G5J3"
9128-1154 QUEBEC INC. ,"203 RUE KENNEDY, EAST ANGUS (QC), J0B 1R0"
GESTION  28 BOWEN INC. ,"5 RUE JOLIETTE, BLAINVILLE (QC), J7B 1L9"
RESTORIA HABITATION INC. ,"1940 12E AVENUE N, SHERBROOKE (QC), J1E4J6"
9332-4135 QUEBEC INC. ,"49 RUE DE L'ANDALOU, BLAINVILLE (QC), J7C 0N6"
"YVES COLLIN, M.D. INC. ","3545 RUE DE L' ALLEE, SHERBROOKE (QC), J1H0J9"
GESTION EVCA INC. ,"1810 RUE JEAN-CLAUDE-LA HAYE, SHERBROOKE (QC), J1N0W2, A/S CARL TREMBLAY"
LES IMMEUBLES TERATER INC. ,"1650 BOUL. LEMIRE, DRUMMONDVILLE (QC), J2C 5A4, A/S LOUIS-JACQUES LAFERTE"
GESTION MYRIN INC. ,"14 RUE DES LOTUS, BLAINVILLE (QC), J7C 5V3"
9465-7475 QUEBEC INC. ,"279 RUE CAPES, SAINT-CONSTANT (QC), J5A 0B9"
9218-3102 QUEBEC INC. ,"1435 RUE KING E, SHERBROOKE (QC), J1G1E8"
9223-8161 QUEBEC INC. ,"705 CHEMIN MOULTON HILL, SHERBROOKE (QC), J1M0A8, A/S SERGE LEMIEUX"
9356-0829 QUEBEC INC. ,"70 RUE HECTOR-JOLY, BLAINVILLE (QC), J7C 0E2, A/S NARENDAR AKULA"
9435-0907 QUEBEC INC. ,"181 RUE LAMPRON, MAGOG (QC), J1X 5R7"
GILLES SAINTON MEDECIN INC. ,"71 RTE 216, STOKE (QC), J0B 3G0, A/S MICHELLE BOYER"
IMMEUBLES SAPHIR INC. ,"338 RUE LINDSAY, DRUMMONDVILLE (QC), J2B 1G5, A/S CARL JUTRAS"
9399-9076 QUEBEC INC. ,"345 RUE HOVEY, NORTH HATLEY (QC), J0B 2C0, A/S JENNAH CASSAR"
IMMO SANTE ESTRIE INC. ,"3110 RTE 222, SAINT-DENIS-DE-BROMPTON (QC), J0B 2P0"
LES COMMUNAUTES RETRAITES MASSAWIPPI ,"1515 RUE PLEASANT VIEW, SHERBROOKE (QC), J1M0C6"
9403-7355 QUEBEC INC. ,"15 RUE HAYES, BROMONT (QC), J2L 0L8, A/S MELANIE NADEAU"
LOGEMENTS HANDI-CITE ,"100-1896 RUE THOMAS-EVANS, SHERBROOKE (QC), J1E0M9"
GESTION IQ INC. ,"372 RUE GERARD-GOULET, GRANBY (QC), J2H 1H3"
FIDUCIE P.MAURICE ,"623 7E RANG, WINDSOR (QC), J1S 2L5"
9417-5452 QUEBEC INC. ,"103-9930 BOULEVARD BOURQUE, SHERBROOKE (QC), J1N0G2"
9518-3497 QUEBEC INC. ,"CP 6402 SUCC ROCK FOREST, SHERBROOKE (QC), J1N 3E2"
GESTION EL SHADDAI INC. ,"3282 CHEMIN DE NORTH HATLEY, SHERBROOKE (QC), J1N2Y5, A/S MARIO COTE"
PLACEMENTS CALDI INC. ,"3246 RUE DES VIGNOBLES, SHERBROOKE (QC), J1N0H7, A/S ALAIN DICAIRE"
9236-7184 QUEBEC INC. ,"2489 RUE DES VINAIGRIERS, SHERBROOKE (QC), J1R0H2"
ALTITUDE - FJ INC. ,"1090 RUE DE LA FALAISE, SHERBROOKE (QC), J1N2M9"
SOCIETE IMMOBILIERE FIERBROOKE INC. ,"401-268 RUE ABERDEEN, SHERBROOKE (QC), J1H1W5"
12685892 CANADA INC. ,"2380 RUE DE DESCHAMBAULT, LAVAL (QC), H7E 1E1"
FBELLA INC. ,"152 RUE JULES-DUMOUCHEL, CHATEAUGUAY (QC), J6K 0C5"
IMMEUBLES ALEMA INC. ,"376 RUE FOURNIER, GRANBY (QC), J2J 0V2"
GESTION FAUTEUX NADEAU INC. ,"103-1415 RUE BRULOTTE, SHERBROOKE (QC), J1E0J1"
JALEM INC. ,"575 BOUL SAINT-JOSEPH, DRUMMONDVILLE (QC), J2C 2B6"
GESTION PODIART INC. ,"4380 BOUL PIE-IX, MONTREAL (QC), H1X 2B3"
LABON INC. ,"575 BOUL SAINT-JOSEPH, DRUMMONDVILLE (QC), J2C 2B6"
9494-7298 QUEBEC INC. ,"3536 RUE KING E, SHERBROOKE (QC), J1G5J3"
GESTION LYMLEE INC. ,"4380 BOUL PIE-IX, MONTREAL (QC), H1X 2B3"
GESTION IMMOBILIERE GBG INC. ,"105 RUE DE LA ROSE-DES-SABLES, LA PRAIRIE (QC), J5R 0C8"
9438-0037 QUEBEC INC. ,"3536 RUE KING E, SHERBROOKE (QC), J1G5J3, A/S JOE PRUD'HOMME MONTPETIT"
9415-2493 QUEBEC INC. ,"6255 RUE LA DAUVERSIERE, SAINT-LEONARD (QC), H1S 1R7, A/S LUIGI TESOLIN"
9450-3752 QUEBEC INC. ,"6318 RUE SAINT-DOMINIQUE, MONTREAL (QC), H2S 3A5, A/S PHILIPPE MOISAN"
9058-9482 QUEBEC INC. ,"3-3770 BOUL EDOUARD-MONTPETIT, MONTREAL (QC), H3T 1K9"
FERME DOUBLE H (1987) INC. ,"131 CH SPRING, ASCOT CORNER (QC), J0B 1A0"
INVESTISSEMENTS SHERBIMM INC. ,"1744 RUE GUY-DUROCHER, SHERBROOKE (QC), J1E0L1"
245 RUE MCMANAMY INC. ,"401-268 RUE ABERDEEN, SHERBROOKE (QC), J1H1W5"
9213-5094 QUEBEC INC. ,"990 RUE BOWEN S, SHERBROOKE (QC), J1G2G4, A/S JEAN-PIERRE GOUIN"
9459-1070 QUEBEC INC. ,"68 BOUL SAINT-JOSEPH O, MONTREAL (QC), H2T 2P4"
9400-0445 QUEBEC INC. ,"3-583 RUE DES PRES, SAINT-JEROME (QC), J7Z 3N9"
9495-5028 QUEBEC INC. ,"5121 RUE ALBANI, SHERBROOKE (QC), J1N0Z5"
SOC. D'HABITATION DU QUEBEC ,"471 RUE GALT O, SHERBROOKE (QC), J1H1Y8"
249 LAURIER INC. ,"3775 RUE LA VERENDRYE, SHERBROOKE (QC), J1L1W8"
COLLECTIF FIERBROOKE INC. ,"401-268 RUE ABERDEEN, SHERBROOKE (QC), J1H1W5"
9262-7181 QUEBEC INC. ,"990 RUE BOWEN S, SHERBROOKE (QC), J1G2G4, A/S JEAN-PIERRE GOUIN"
9466-0933 QUEBEC INC. ,"5724 AV DU PARC, MONTREAL (QC), H2V 4H1"
LOCAUX MGM ,"420 CH BIRON RR 2, ASCOT CORNER (QC), J0B 1A0, A/S MARC-ANDRE RANCOURT"
116 RUE SANBORN INC. ,"401-268 RUE ABERDEEN, SHERBROOKE (QC), J1H1W5"
LES INVESTISSEMENTS YANN LACROIX INC. ,"815 RUE SAINT-PATRICE E, MAGOG (QC), J1X 1V6"
9385-3778 QUEBEC INC. ,"4208 RUE SHERBROOKE, MAGOG (QC), J1X 5R2"
9325-2195 QUEBEC INC. ,"1444 RUE KING O, SHERBROOKE (QC), J1J2C2, A/S PATRICK PLANTE"
GESTION M. LABEL INC. ,"CP 21515 STE-FAMILLE, SHERBROOKE (QC), J1G 5K2"
9470-8823 QUEBEC INC. ,"668 BOULEVARD LAVIGERIE, SHERBROOKE (QC), J1G2X2, A/S MARC-ANTOINE VEZINA"
KP CAPITAL IMMOBILIER VI S.E.C. ,"225-2075 AV VICTORIA, SAINT-LAMBERT (QC), J4S 1H1"
9376-8059 QUEBEC INC. ,"25 RUE SAINT-JACQUES N, COATICOOK (QC), J1A 2P6"
9232-6875 QUEBEC INC. ,"543 RUE DES PEUPLIERS, COATICOOK (QC), J1A 2Y7, A/S CHRISTIAN GOSSELIN"
9169-4984 QUEBEC INC. ,"5547 RTE 112, ASCOT CORNER (QC), J0B 1A0, A/S SERGE MAHER"
GESTION MAHEU VACHON INC. ,"627 CH BIRON, ASCOT CORNER (QC), J0B 1A0"
9469-0104 QUEBEC INC. ,"3450 CH BARTLETT, COOKSHIRE-EATON (QC), J0B 1M0"
9381-3103 QUEBEC INC ,"956 RUE MARIE-ANNE-MESSIER, BOUCHERVILLE (QC), J4B 3Z8"
IMMEUBLES LMQ INC. ,"4718 RUE GEORGE-V, SHERBROOKE (QC), J1N3Y4"
9312-9195 QUEBEC INC. ,"420 RUE DE MONTREAL, SHERBROOKE (QC), J1H1E5"
IMMOBILIER FORMIDABLEPLEX INC. ,"9-4825 AV BORDEN, MONTREAL (QC), H4V 2S9"
GALT ST-CHARLES INC. ,"401-268 RUE ABERDEEN, SHERBROOKE (QC), J1H1W5"
9383-8647 QUEBEC INC. ,"10 AV BOMBARDIER, MAGOG (QC), J1X 0Y7, A/S CLAUDE-PHILIPPE ARNAU"
GROUPE IMMOBILIER BRADLEY LTEE ,"1375 RUE BRADLEY, SHERBROOKE (QC), J1J1M1, A/S MICHEL JUBINVILLE"
BOWEN IMMOBILIER INC. ,"5479 RUE SAINT-ANDRE, MONTREAL (QC), H2J 4G3, A/S DANIEL BLANCHETTE"
PLACEMENTS DVV INC. ,"4370 AV MONTCLAIR, MONTREAL (QC), H4B 2J6, A/S CHRISTIAN PROVOST"
GESTION LOF S.E.N.C. ,"4600 RUE RAYMOND-LEVESQUE, BOISBRIAND (QC), J7H 0C9, A/S LOUIS-DOMINIC BEAUPRE"
EDIFICA GESTION IMMOBILIERE INC. ,"1050 RUE DU MONT-GIRARD, SAINT-DENIS-DE-BROMPTON (QC), J0B 2P0"
DAVID DUNCAN HOLDINGS LTD ,"20 RUE CONNOLLY, SHERBROOKE (QC), J1M1L9, A/S STEPHEN MCLEAN"
9290-7476 QUEBEC INC. ,"68 CH BIRON, ASCOT CORNER (QC), J0B 1A0, A/S STEPHANE FRECHETTE"
222 LAURIER INC. ,"4718 RUE GEORGE-V, SHERBROOKE (QC), J1N3Y4"
KP CAPITAL IMMOBILIER III S.E.C. ,"CP 55009 VIEUX-LONGUEUIL, LONGUEUIL (QC), J4H 1G0"
9502-9567 QUEBEC INC. ,"200-2300 BOUL SAINT-MARTIN E, LAVAL (QC), H7E 5P3"
SOCIETE IMMOBILIERE LE NOBLET INC. ,"668 BOULEVARD LAVIGERIE, SHERBROOKE (QC), J1G2X2"
HAUS SOCIETE IMMOBILIERE INC. ,"377 RUE KING E, SHERBROOKE (QC), J1G1B4"
RESIDENCES DE L'ESTRIE INC. ,"2300 BOUL SAINT-MARTIN E, LAVAL (QC), H7E 5P3"
KP CAPITAL IMMOBILIER V S.E.C ,"225-2075 AV VICTORIA, SAINT-LAMBERT (QC), J4S 1H1"
GROUPE PACIFIK INC. ,"38 TSSE LEMAY, SAINT-EUSTACHE (QC), JJ7 P0C4"
LES GESTIONS ME INC. ,"715 RUE DES BOIS-FRANCS, BOUCHERVILLE (QC), J4B 8P9"
PAROLE DE VIE - BETHEL  INC. ,"1175 CHEMIN THOMAS-WOODWARD, SHERBROOKE (QC), J1M0B4"
MISSION REHOBOTH INTER/SOURCE DE VIE ,"306 12E AVENUE S, SHERBROOKE (QC), J1G2V6"
INVESTISSEMENTS DREAM MASTER INC. ,"11H-6101 RUE DEACON, MONTREAL (QC), H3S 2V6"
SOCIETE IMMOBILIERE AMCHIDE INC. ,"269 RUE HUOT, REPENTIGNY (QC), J5Z 4Z6"
IMMEUBLES D.N.R. SENC ,"2080 SPRING ROAD, COOKSHIRE-EATON (QC), J0B 1M0, A/S DANIEL ROULEAU"
9011-5221 QUEBEC INC. ,"1105 RUE HAINS, DRUMMONDVILLE (QC), J2C 6G6"
LES GESTIONS LYAD INC. ,"1291 CH DE TOURAINE, BOUCHERVILLE (QC), J4B 5E4, A/S AUDREY BASTILLE"
PAVILLON ROCK FOREST INC. ,"30 RUE DES BRISES, SAINTE-JULIE (QC), J3E 2W9, A/S SYLVAIN FERLAND"
IMMEUBLES FGT INC. ,"3110 RUE DES AMETHYSTES, SHERBROOKE (QC), J1G4P9, A/S ROBERT THIFFAULT"
9408-2419 QUEBEC INC. ,"924 RUE LEONARDO-DA VINCI, SHERBROOKE (QC), J1R0S9"
9413-9433 QUEBEC INC. ,"103-9930 BOULEVARD BOURQUE, SHERBROOKE (QC), J1N0G2, A/S PIERRE-LUC MORIN"
SHERBROOKE IMMEUBLES VB INC. ,"100-4150 RUE LESAGE, SHERBROOKE (QC), J1L0B6, A/S DANNY BENNETT"
9524-1220 QUEBEC INC. ,"173 RUE ORCUTT, COATOCOOK (QC), J1A1X3"
FIDUCIE FAM ISABELLE DUPONT (2019) ,"314 PLACE CALIXA-LAVALLEE, GRANBY (QC), J2G 9J9"
1120 RUE JOGUES INC. ,"772 AV BLOOMFIELD, MONTREAL (QC), H2V 3S3"
LG2I INC. ,"15 RUE HAYNES, BROMONT (QC), J2L 0L8"
109467 CANADA INC. ,"1896 RUE ANNE-JULIEN, CARIGNAN (QC), J3L 3P9"
IMMEUBLES PATRICK DUFOUR INC. ,"400 RUE DES SARCELLES, SAINT-JEAN-SUR-RICHELIEU (QC), J2W 0H6"
LES RESIDENCES ALTERNATIVES DE L'ESTRIE ,"925 RUE DE L' ANCIENNE-CARRIERE, SHERBROOKE (QC), J1H0G1, A/S MICHEL GAUVIN"
ADMINISTRATION DRAKUL INC. ,"906B-1900 BOUL ANGRIGNON, LASALLE (QC), H8N0B9"
IMMEUBLES JDR INC. ,"82 RUE ELIZABETH, SOREL-TRACY (QC), J3P 4G5, A/S DAVID ROY"
IMMOBILIER SYLVERPEAK INC. / SYLVERPEAK REALITY INC. ,"302-6700 AV DU PARC, MONTRÉAL (QC), H2V 4H9"
GESTION COLU INC. ,"46 SUMMIT CRES, WESTMOUNT (QC), H3Y 1L3"
LES HABITATIONS CHALOUX S.E.N.C. ,"4427 RUE DU MONT-BLANC, ASCOT CORNER (QC), J0B 1A0"
9089-8412 QUEBEC INC. ,"990 RUE BOWEN S, SHERBROOKE (QC), J1G2G4, A/S JEAN-PIERRE GOUIN"
9366-5388 QUEBEC INC. ,"2297 RUE MARCOTTE, MAGOG (QC), J1X 5T7"
GESTION IMMO. I CHRISTIAN BOURQUE INC. ,"3246 RUE DES VIGNOBLES, SHERBROOKE (QC), J1N0H7, A/S CHRISTIAN BOURQUE"
9427-6946 QUEBEC INC. ,"102-288 RUE MARQUETTE, SHERBROOKE (QC), J1H1M3, A/S FRANCOIS PICARD"
KP CAPITAL IMMOBILIER II S.E.C. ,"223-55 RUE DE L'EGLISE, LONGUEUIL (QC), J4G 1H8"
9406-3062 QUEBEC INC ,"2297 RUE MARCOTTE, MAGOG (QC), J1X 5T7, A/S JONATHAN DUBOIS"
PLACEMENTS DB INC. ,"201 AV DES SCOUTS, MAGOG (QC), J1X 5W8, A/S SERGE BRABANT"
2757775 ONTARIO INC. ,"15 WINDING WAY, NEPEAN (ON), K2C 3H1"
GSK ENTREPRISES INC. ,"3077 RUE DU CHALUMEAU, SHERBROOKE (QC), J1G5K9, A/S GHISLAIN THIBAULT"
